source,item,amount
Splinter-Betree-PivotBetreeRefinement.broken1.i.dfy-Impl__PivotBetreeRefinement.__default.ValidReceiptRefines,totalorder,1468
Splinter-Betree-PivotBetreeRefinement.broken1.i.dfy-Impl__PivotBetreeRefinement.__default.ValidReceiptRefines,funType,394
Splinter-Betree-PivotBetreeRefinement.broken1.i.dfy-Impl__PivotBetreeRefinement.__default.ValidReceiptRefines,unknown,341
Splinter-Betree-PivotBetreeRefinement.broken1.i.dfy-Impl__PivotBetreeRefinement.__default.ValidReceiptRefines,Prelude,338
Splinter-Betree-PivotBetreeRefinement.broken1.i.dfy-Impl__PivotBetreeRefinement.__default.ValidReceiptRefines,PivotBetreeidfy,225
Splinter-Betree-PivotBetreeRefinement.broken1.i.dfy-Impl__PivotBetreeRefinement.__default.ValidReceiptRefines,PagedBetreeidfy,216
Splinter-Betree-PivotBetreeRefinement.broken1.i.dfy-Impl__PivotBetreeRefinement.__default.ValidReceiptRefines,MessagesdfyValueMessage,68
Splinter-Betree-PivotBetreeRefinement.broken1.i.dfy-Impl__PivotBetreeRefinement.__default.ValidReceiptRefines,PivotBetreeRefinementidfy,64
Splinter-Betree-PivotBetreeRefinement.broken1.i.dfy-Impl__PivotBetreeRefinement.__default.ValidReceiptRefines,BoundedPivotsLibidfy,52
Splinter-Betree-PivotBetreeRefinement.broken1.i.dfy-Impl__PivotBetreeRefinement.__default.ValidReceiptRefines,builtin,29
Splinter-Betree-PivotBetreeRefinement.broken1.i.dfy-Impl__PivotBetreeRefinement.__default.ValidReceiptRefines,Buffersidfy,23
Splinter-Betree-PivotBetreeRefinement.broken1.i.dfy-Impl__PivotBetreeRefinement.__default.ValidReceiptRefines,Domainidfy,6
Splinter-Betree-PivotBetreeRefinement.broken1.i.dfy-Impl__PivotBetreeRefinement.__default.ValidReceiptRefines,SeqComparisonsdfy,4
Splinter-Betree-PivotBetreeRefinement.broken1.i.dfy-Impl__PivotBetreeRefinement.__default.ValidReceiptRefines,TotalMapsdfyTotalKMMapMod,3
Splinter-Betree-PivotBetreeRefinement.broken2.i.dfy-Impl__PivotBetreeRefinement.__default.ValidReceiptRefines,totalorder,1174
Splinter-Betree-PivotBetreeRefinement.broken2.i.dfy-Impl__PivotBetreeRefinement.__default.ValidReceiptRefines,funType,301
Splinter-Betree-PivotBetreeRefinement.broken2.i.dfy-Impl__PivotBetreeRefinement.__default.ValidReceiptRefines,unknown,267
Splinter-Betree-PivotBetreeRefinement.broken2.i.dfy-Impl__PivotBetreeRefinement.__default.ValidReceiptRefines,Prelude,254
Splinter-Betree-PivotBetreeRefinement.broken2.i.dfy-Impl__PivotBetreeRefinement.__default.ValidReceiptRefines,PivotBetreeidfy,211
Splinter-Betree-PivotBetreeRefinement.broken2.i.dfy-Impl__PivotBetreeRefinement.__default.ValidReceiptRefines,PagedBetreeidfy,198
Splinter-Betree-PivotBetreeRefinement.broken2.i.dfy-Impl__PivotBetreeRefinement.__default.ValidReceiptRefines,MessagesdfyValueMessage,62
Splinter-Betree-PivotBetreeRefinement.broken2.i.dfy-Impl__PivotBetreeRefinement.__default.ValidReceiptRefines,PivotBetreeRefinementidfy,56
Splinter-Betree-PivotBetreeRefinement.broken2.i.dfy-Impl__PivotBetreeRefinement.__default.ValidReceiptRefines,BoundedPivotsLibidfy,47
Splinter-Betree-PivotBetreeRefinement.broken2.i.dfy-Impl__PivotBetreeRefinement.__default.ValidReceiptRefines,builtin,20
Splinter-Betree-PivotBetreeRefinement.broken2.i.dfy-Impl__PivotBetreeRefinement.__default.ValidReceiptRefines,Buffersidfy,17
Splinter-Betree-PivotBetreeRefinement.broken2.i.dfy-Impl__PivotBetreeRefinement.__default.ValidReceiptRefines,Domainidfy,6
Splinter-Betree-PivotBetreeRefinement.broken2.i.dfy-Impl__PivotBetreeRefinement.__default.ValidReceiptRefines,SeqComparisonsdfy,3
Splinter-Betree-PivotBetreeRefinement.broken2.i.dfy-Impl__PivotBetreeRefinement.__default.ValidReceiptRefines,TotalMapsdfyTotalKMMapMod,2
Splinter-Betree-PivotBetree.broken.i.dfy-CheckWellformed__PivotBetree.Path.ReplacedChildren,totalorder,601
Splinter-Betree-PivotBetree.broken.i.dfy-CheckWellformed__PivotBetree.Path.ReplacedChildren,Prelude,205
Splinter-Betree-PivotBetree.broken.i.dfy-CheckWellformed__PivotBetree.Path.ReplacedChildren,PivotBetreeidfy,172
Splinter-Betree-PivotBetree.broken.i.dfy-CheckWellformed__PivotBetree.Path.ReplacedChildren,funType,134
Splinter-Betree-PivotBetree.broken.i.dfy-CheckWellformed__PivotBetree.Path.ReplacedChildren,BoundedPivotsLibidfy,107
Splinter-Betree-PivotBetree.broken.i.dfy-CheckWellformed__PivotBetree.Path.ReplacedChildren,unknown,102
Splinter-Betree-PivotBetree.broken.i.dfy-CheckWellformed__PivotBetree.Path.ReplacedChildren,Domainidfy,60
Splinter-Betree-PivotBetree.broken.i.dfy-CheckWellformed__PivotBetree.Path.ReplacedChildren,SeqComparisonsdfy,4
Splinter-Betree-PivotBetree.broken.i.dfy-CheckWellformed__PivotBetree.Path.ReplacedChildren,MessagesdfyValueMessage,3
Splinter-Betree-PivotBetree.broken.i.dfy-CheckWellformed__PivotBetree.Path.ReplacedChildren,TotalMapsdfyTotalKMMapMod,2
Splinter-Betree-PivotBetree.broken.i.dfy-CheckWellformed__PivotBetree.Path.ReplacedChildren,builtin,2
Splinter-Betree-PivotBetree.broken.i.dfy-CheckWellformed__PivotBetree.Path.ReplacedChildren,Buffersidfy,1
Splinter-Betree-PagedBetree.broken.i.dfy-CheckWellformed__PagedBetree.BetreeNode.Child,PagedBetreeidfy,13
Splinter-Betree-PagedBetree.broken.i.dfy-CheckWellformed__PagedBetree.BetreeNode.Child,Prelude,12
Splinter-Betree-PagedBetree.broken.i.dfy-CheckWellformed__PagedBetree.BetreeNode.Child,Buffersidfy,8
Splinter-Betree-PagedBetree.broken.i.dfy-CheckWellformed__PagedBetree.BetreeNode.Child,funType,8
Splinter-Betree-PagedBetree.broken.i.dfy-CheckWellformed__PagedBetree.BetreeNode.Child,MessagesdfyValueMessage,3
Splinter-Betree-PagedBetree.broken.i.dfy-CheckWellformed__PagedBetree.BetreeNode.Child,unknown,2
Splinter-Betree-PagedBetree.broken.i.dfy-CheckWellformed__PagedBetree.BetreeNode.Child,TotalMapsdfyTotalKMMapMod,2
Splinter-Betree-PagedBetreeRefinement.broken.i.dfy-Impl__PagedBetreeRefinement.__default.PushBufferStackLemma,funType,685
Splinter-Betree-PagedBetreeRefinement.broken.i.dfy-Impl__PagedBetreeRefinement.__default.PushBufferStackLemma,Prelude,646
Splinter-Betree-PagedBetreeRefinement.broken.i.dfy-Impl__PagedBetreeRefinement.__default.PushBufferStackLemma,unknown,488
Splinter-Betree-PagedBetreeRefinement.broken.i.dfy-Impl__PagedBetreeRefinement.__default.PushBufferStackLemma,Buffersidfy,266
Splinter-Betree-PagedBetreeRefinement.broken.i.dfy-Impl__PagedBetreeRefinement.__default.PushBufferStackLemma,MessagesdfyValueMessage,257
Splinter-Betree-PagedBetreeRefinement.broken.i.dfy-Impl__PagedBetreeRefinement.__default.PushBufferStackLemma,builtin,48
Splinter-Betree-PagedBetreeRefinement.broken.i.dfy-Impl__PagedBetreeRefinement.__default.PushBufferStackLemma,PagedBetreeRefinementidfy,11
Splinter-Betree-PagedBetreeRefinement.broken.i.dfy-Impl__PagedBetreeRefinement.__default.PushBufferStackLemma,PagedBetreeidfy,6
Splinter-Betree-PagedBetreeRefinement.broken.i.dfy-Impl__PagedBetreeRefinement.__default.PushBufferStackLemma,TotalMapsdfyTotalKMMapMod,2
Splinter-Betree-ReprBetreeRefinement.broken.i.dfy-Impl__ReprBetreeRefinement.__default.ReachabilityInAgreeingDisks,totalorder,1224
Splinter-Betree-ReprBetreeRefinement.broken.i.dfy-Impl__ReprBetreeRefinement.__default.ReachabilityInAgreeingDisks,Prelude,584
Splinter-Betree-ReprBetreeRefinement.broken.i.dfy-Impl__ReprBetreeRefinement.__default.ReachabilityInAgreeingDisks,LinkedBetreeidfy,434
Splinter-Betree-ReprBetreeRefinement.broken.i.dfy-Impl__ReprBetreeRefinement.__default.ReachabilityInAgreeingDisks,funType,276
Splinter-Betree-ReprBetreeRefinement.broken.i.dfy-Impl__ReprBetreeRefinement.__default.ReachabilityInAgreeingDisks,unknown,138
Splinter-Betree-ReprBetreeRefinement.broken.i.dfy-Impl__ReprBetreeRefinement.__default.ReachabilityInAgreeingDisks,builtin,106
Splinter-Betree-ReprBetreeRefinement.broken.i.dfy-Impl__ReprBetreeRefinement.__default.ReachabilityInAgreeingDisks,Domainidfy,19
Splinter-Betree-ReprBetreeRefinement.broken.i.dfy-Impl__ReprBetreeRefinement.__default.ReachabilityInAgreeingDisks,BoundedPivotsLibidfy,8
Splinter-Betree-ReprBetreeRefinement.broken.i.dfy-Impl__ReprBetreeRefinement.__default.ReachabilityInAgreeingDisks,Maps,6
Splinter-Betree-ReprBetreeRefinement.broken.i.dfy-Impl__ReprBetreeRefinement.__default.ReachabilityInAgreeingDisks,Optionsdfy,6
Splinter-Betree-ReprBetreeRefinement.broken.i.dfy-Impl__ReprBetreeRefinement.__default.ReachabilityInAgreeingDisks,ReprBetreeRefinementidfy,3
Splinter-Betree-ReprBetreeRefinement.broken.i.dfy-Impl__ReprBetreeRefinement.__default.ReachabilityInAgreeingDisks,Sets,1
Splinter-Betree-MarshalledBetreeRefinement.broken1.i.dfy-Impl__MarshalledBetreeRefinement.__default.TypedModelUnique,totalorder,756
Splinter-Betree-MarshalledBetreeRefinement.broken1.i.dfy-Impl__MarshalledBetreeRefinement.__default.TypedModelUnique,Prelude,322
Splinter-Betree-MarshalledBetreeRefinement.broken1.i.dfy-Impl__MarshalledBetreeRefinement.__default.TypedModelUnique,LinkedBetreeidfy,279
Splinter-Betree-MarshalledBetreeRefinement.broken1.i.dfy-Impl__MarshalledBetreeRefinement.__default.TypedModelUnique,funType,150
Splinter-Betree-MarshalledBetreeRefinement.broken1.i.dfy-Impl__MarshalledBetreeRefinement.__default.TypedModelUnique,unknown,116
Splinter-Betree-MarshalledBetreeRefinement.broken1.i.dfy-Impl__MarshalledBetreeRefinement.__default.TypedModelUnique,MarshalledBetreeidfy,25
Splinter-Betree-MarshalledBetreeRefinement.broken1.i.dfy-Impl__MarshalledBetreeRefinement.__default.TypedModelUnique,builtin,24
Splinter-Betree-MarshalledBetreeRefinement.broken1.i.dfy-Impl__MarshalledBetreeRefinement.__default.TypedModelUnique,MarshalledBetreeRefinementidfy,17
Splinter-Betree-MarshalledBetreeRefinement.broken1.i.dfy-Impl__MarshalledBetreeRefinement.__default.TypedModelUnique,GenericDiskidfy,8
Splinter-Betree-MarshalledBetreeRefinement.broken1.i.dfy-Impl__MarshalledBetreeRefinement.__default.TypedModelUnique,BoundedPivotsLibidfy,2
Splinter-Betree-PagedBetreeRefinement.broken.i.dfy-Impl__PagedBetreeRefinement.__default.SingletonBufferStack,Prelude,95
Splinter-Betree-PagedBetreeRefinement.broken.i.dfy-Impl__PagedBetreeRefinement.__default.SingletonBufferStack,unknown,78
Splinter-Betree-PagedBetreeRefinement.broken.i.dfy-Impl__PagedBetreeRefinement.__default.SingletonBufferStack,funType,73
Splinter-Betree-PagedBetreeRefinement.broken.i.dfy-Impl__PagedBetreeRefinement.__default.SingletonBufferStack,MessagesdfyValueMessage,37
Splinter-Betree-PagedBetreeRefinement.broken.i.dfy-Impl__PagedBetreeRefinement.__default.SingletonBufferStack,Buffersidfy,35
Splinter-Betree-PagedBetreeRefinement.broken.i.dfy-Impl__PagedBetreeRefinement.__default.SingletonBufferStack,PagedBetreeidfy,24
Splinter-Betree-PagedBetreeRefinement.broken.i.dfy-Impl__PagedBetreeRefinement.__default.SingletonBufferStack,builtin,8
Splinter-Betree-PagedBetreeRefinement.broken.i.dfy-Impl__PagedBetreeRefinement.__default.SingletonBufferStack,TotalMapsdfyTotalKMMapMod,3
Splinter-Betree-PagedBetreeRefinement.broken.i.dfy-Impl__PagedBetreeRefinement.__default.SingletonBufferStack,KeyTypesdfy,1
Splinter-Betree-LinkedBetreeRefinement.broken1.i.dfy-Impl__LinkedBetreeRefinement.__default.ReachableAddrIgnoresRanking,totalorder,621
Splinter-Betree-LinkedBetreeRefinement.broken1.i.dfy-Impl__LinkedBetreeRefinement.__default.ReachableAddrIgnoresRanking,Prelude,272
Splinter-Betree-LinkedBetreeRefinement.broken1.i.dfy-Impl__LinkedBetreeRefinement.__default.ReachableAddrIgnoresRanking,LinkedBetreeidfy,243
Splinter-Betree-LinkedBetreeRefinement.broken1.i.dfy-Impl__LinkedBetreeRefinement.__default.ReachableAddrIgnoresRanking,funType,193
Splinter-Betree-LinkedBetreeRefinement.broken1.i.dfy-Impl__LinkedBetreeRefinement.__default.ReachableAddrIgnoresRanking,unknown,134
Splinter-Betree-LinkedBetreeRefinement.broken1.i.dfy-Impl__LinkedBetreeRefinement.__default.ReachableAddrIgnoresRanking,builtin,42
Splinter-Betree-LinkedBetreeRefinement.broken1.i.dfy-Impl__LinkedBetreeRefinement.__default.ReachableAddrIgnoresRanking,BoundedPivotsLibidfy,14
Splinter-Betree-LinkedBetreeRefinement.broken1.i.dfy-Impl__LinkedBetreeRefinement.__default.ReachableAddrIgnoresRanking,Domainidfy,6
Splinter-Betree-LinkedBetreeRefinement.broken1.i.dfy-Impl__LinkedBetreeRefinement.__default.ReachableAddrIgnoresRanking,LinkedBetreeRefinementidfy,6
Splinter-Betree-LinkedBetreeRefinement.broken1.i.dfy-Impl__LinkedBetreeRefinement.__default.ReachableAddrIgnoresRanking,Optionsdfy,3
Splinter-Betree-LinkedBetreeRefinement.broken1.i.dfy-Impl__LinkedBetreeRefinement.__default.ReachableAddrIgnoresRanking,MessagesdfyValueMessage,3
Splinter-Betree-LinkedBetreeRefinement.broken1.i.dfy-Impl__LinkedBetreeRefinement.__default.ReachableAddrIgnoresRanking,TotalMapsdfyTotalKMMapMod,2
Splinter-Betree-LinkedBetreeRefinement.broken1.i.dfy-Impl__LinkedBetreeRefinement.__default.ReachableAddrIgnoresRanking,Sets,2
Splinter-Betree-LinkedBetreeRefinement.broken1.i.dfy-Impl__LinkedBetreeRefinement.__default.ReachableAddrIgnoresRanking,Buffersidfy,1
Splinter-Betree-LinkedBetreeRefinement.broken3.i.dfy-CheckWellformed__LinkedBetreeRefinement.__default.ILinkedBetreeNode,totalorder,464
Splinter-Betree-LinkedBetreeRefinement.broken3.i.dfy-CheckWellformed__LinkedBetreeRefinement.__default.ILinkedBetreeNode,LinkedBetreeidfy,187
Splinter-Betree-LinkedBetreeRefinement.broken3.i.dfy-CheckWellformed__LinkedBetreeRefinement.__default.ILinkedBetreeNode,funType,133
Splinter-Betree-LinkedBetreeRefinement.broken3.i.dfy-CheckWellformed__LinkedBetreeRefinement.__default.ILinkedBetreeNode,Prelude,125
Splinter-Betree-LinkedBetreeRefinement.broken3.i.dfy-CheckWellformed__LinkedBetreeRefinement.__default.ILinkedBetreeNode,unknown,78
Splinter-Betree-LinkedBetreeRefinement.broken3.i.dfy-CheckWellformed__LinkedBetreeRefinement.__default.ILinkedBetreeNode,PivotBetreeidfy,56
Splinter-Betree-LinkedBetreeRefinement.broken3.i.dfy-CheckWellformed__LinkedBetreeRefinement.__default.ILinkedBetreeNode,BoundedPivotsLibidfy,25
Splinter-Betree-LinkedBetreeRefinement.broken3.i.dfy-CheckWellformed__LinkedBetreeRefinement.__default.ILinkedBetreeNode,builtin,20
Splinter-Betree-LinkedBetreeRefinement.broken3.i.dfy-CheckWellformed__LinkedBetreeRefinement.__default.ILinkedBetreeNode,Domainidfy,19
Splinter-Betree-LinkedBetreeRefinement.broken3.i.dfy-CheckWellformed__LinkedBetreeRefinement.__default.ILinkedBetreeNode,LinkedBetreeRefinementidfy,16
Splinter-Betree-LinkedBetreeRefinement.broken3.i.dfy-CheckWellformed__LinkedBetreeRefinement.__default.ILinkedBetreeNode,Optionsdfy,6
Splinter-Betree-LinkedBetreeRefinement.broken3.i.dfy-CheckWellformed__LinkedBetreeRefinement.__default.ILinkedBetreeNode,TotalMapsdfyTotalKMMapMod,3
Splinter-Betree-LinkedBetreeRefinement.broken3.i.dfy-CheckWellformed__LinkedBetreeRefinement.__default.ILinkedBetreeNode,MessagesdfyValueMessage,3
Splinter-Betree-LinkedBetreeRefinement.broken3.i.dfy-CheckWellformed__LinkedBetreeRefinement.__default.ILinkedBetreeNode,Buffersidfy,1
Splinter-Betree-PivotBetreeRefinement.broken1.i.dfy-Impl__PivotBetreeRefinement.__default.InternalGrowStepRefines,totalorder,1903
Splinter-Betree-PivotBetreeRefinement.broken1.i.dfy-Impl__PivotBetreeRefinement.__default.InternalGrowStepRefines,Prelude,647
Splinter-Betree-PivotBetreeRefinement.broken1.i.dfy-Impl__PivotBetreeRefinement.__default.InternalGrowStepRefines,funType,498
Splinter-Betree-PivotBetreeRefinement.broken1.i.dfy-Impl__PivotBetreeRefinement.__default.InternalGrowStepRefines,PagedBetreeidfy,484
Splinter-Betree-PivotBetreeRefinement.broken1.i.dfy-Impl__PivotBetreeRefinement.__default.InternalGrowStepRefines,unknown,273
Splinter-Betree-PivotBetreeRefinement.broken1.i.dfy-Impl__PivotBetreeRefinement.__default.InternalGrowStepRefines,PivotBetreeidfy,165
Splinter-Betree-PivotBetreeRefinement.broken1.i.dfy-Impl__PivotBetreeRefinement.__default.InternalGrowStepRefines,Buffersidfy,159
Splinter-Betree-PivotBetreeRefinement.broken1.i.dfy-Impl__PivotBetreeRefinement.__default.InternalGrowStepRefines,BoundedPivotsLibidfy,95
Splinter-Betree-PivotBetreeRefinement.broken1.i.dfy-Impl__PivotBetreeRefinement.__default.InternalGrowStepRefines,builtin,62
Splinter-Betree-PivotBetreeRefinement.broken1.i.dfy-Impl__PivotBetreeRefinement.__default.InternalGrowStepRefines,PivotBetreeRefinementidfy,54
Splinter-Betree-PivotBetreeRefinement.broken1.i.dfy-Impl__PivotBetreeRefinement.__default.InternalGrowStepRefines,Domainidfy,40
Splinter-Betree-PivotBetreeRefinement.broken1.i.dfy-Impl__PivotBetreeRefinement.__default.InternalGrowStepRefines,TotalMapsdfyTotalKMMapMod,30
Splinter-Betree-PivotBetreeRefinement.broken1.i.dfy-Impl__PivotBetreeRefinement.__default.InternalGrowStepRefines,KeyTypesdfy,21
Splinter-Betree-PivotBetreeRefinement.broken1.i.dfy-Impl__PivotBetreeRefinement.__default.InternalGrowStepRefines,StampedMapidfy,4
Splinter-Betree-PivotBetreeRefinement.broken1.i.dfy-Impl__PivotBetreeRefinement.__default.InternalGrowStepRefines,MessagesdfyValueMessage,3
Splinter-Betree-ReprBetreeRefinement.broken.i.dfy-Impl__ReprBetreeRefinement.__default.ChildReachebleAddrsIsSubset,totalorder,1493
Splinter-Betree-ReprBetreeRefinement.broken.i.dfy-Impl__ReprBetreeRefinement.__default.ChildReachebleAddrsIsSubset,Prelude,690
Splinter-Betree-ReprBetreeRefinement.broken.i.dfy-Impl__ReprBetreeRefinement.__default.ChildReachebleAddrsIsSubset,LinkedBetreeidfy,300
Splinter-Betree-ReprBetreeRefinement.broken.i.dfy-Impl__ReprBetreeRefinement.__default.ChildReachebleAddrsIsSubset,funType,296
Splinter-Betree-ReprBetreeRefinement.broken.i.dfy-Impl__ReprBetreeRefinement.__default.ChildReachebleAddrsIsSubset,unknown,151
Splinter-Betree-ReprBetreeRefinement.broken.i.dfy-Impl__ReprBetreeRefinement.__default.ChildReachebleAddrsIsSubset,builtin,148
Splinter-Betree-ReprBetreeRefinement.broken.i.dfy-Impl__ReprBetreeRefinement.__default.ChildReachebleAddrsIsSubset,BoundedPivotsLibidfy,35
Splinter-Betree-ReprBetreeRefinement.broken.i.dfy-Impl__ReprBetreeRefinement.__default.ChildReachebleAddrsIsSubset,Domainidfy,12
Splinter-Betree-ReprBetreeRefinement.broken.i.dfy-Impl__ReprBetreeRefinement.__default.ChildReachebleAddrsIsSubset,Optionsdfy,6
Splinter-Betree-ReprBetreeRefinement.broken.i.dfy-Impl__ReprBetreeRefinement.__default.ChildReachebleAddrsIsSubset,Sets,4
Splinter-Betree-ReprBetreeRefinement.broken.i.dfy-Impl__ReprBetreeRefinement.__default.ChildReachebleAddrsIsSubset,ReprBetreeRefinementidfy,4
Splinter-Betree-ReprBetreeRefinement.broken.i.dfy-Impl__ReprBetreeRefinement.__default.ChildReachebleAddrsIsSubset,MessagesdfyValueMessage,3
Splinter-Betree-ReprBetreeRefinement.broken.i.dfy-Impl__ReprBetreeRefinement.__default.ChildReachebleAddrsIsSubset,TotalMapsdfyTotalKMMapMod,2
Splinter-Betree-ReprBetreeRefinement.broken.i.dfy-Impl__ReprBetreeRefinement.__default.ChildReachebleAddrsIsSubset,Buffersidfy,1
Splinter-Betree-LinkedBetreeRefinement.broken2.i.dfy-CheckWellformed__LinkedBetreeRefinement.__default.ILinkedBetreeNode,totalorder,488
Splinter-Betree-LinkedBetreeRefinement.broken2.i.dfy-CheckWellformed__LinkedBetreeRefinement.__default.ILinkedBetreeNode,LinkedBetreeidfy,186
Splinter-Betree-LinkedBetreeRefinement.broken2.i.dfy-CheckWellformed__LinkedBetreeRefinement.__default.ILinkedBetreeNode,Prelude,148
Splinter-Betree-LinkedBetreeRefinement.broken2.i.dfy-CheckWellformed__LinkedBetreeRefinement.__default.ILinkedBetreeNode,funType,133
Splinter-Betree-LinkedBetreeRefinement.broken2.i.dfy-CheckWellformed__LinkedBetreeRefinement.__default.ILinkedBetreeNode,unknown,75
Splinter-Betree-LinkedBetreeRefinement.broken2.i.dfy-CheckWellformed__LinkedBetreeRefinement.__default.ILinkedBetreeNode,PivotBetreeidfy,60
Splinter-Betree-LinkedBetreeRefinement.broken2.i.dfy-CheckWellformed__LinkedBetreeRefinement.__default.ILinkedBetreeNode,BoundedPivotsLibidfy,32
Splinter-Betree-LinkedBetreeRefinement.broken2.i.dfy-CheckWellformed__LinkedBetreeRefinement.__default.ILinkedBetreeNode,builtin,20
Splinter-Betree-LinkedBetreeRefinement.broken2.i.dfy-CheckWellformed__LinkedBetreeRefinement.__default.ILinkedBetreeNode,Domainidfy,20
Splinter-Betree-LinkedBetreeRefinement.broken2.i.dfy-CheckWellformed__LinkedBetreeRefinement.__default.ILinkedBetreeNode,LinkedBetreeRefinementidfy,16
Splinter-Betree-LinkedBetreeRefinement.broken2.i.dfy-CheckWellformed__LinkedBetreeRefinement.__default.ILinkedBetreeNode,Optionsdfy,6
Splinter-Betree-LinkedBetreeRefinement.broken2.i.dfy-CheckWellformed__LinkedBetreeRefinement.__default.ILinkedBetreeNode,MessagesdfyValueMessage,3
Splinter-Betree-LinkedBetreeRefinement.broken2.i.dfy-CheckWellformed__LinkedBetreeRefinement.__default.ILinkedBetreeNode,TotalMapsdfyTotalKMMapMod,2
Splinter-Betree-LinkedBetreeRefinement.broken2.i.dfy-CheckWellformed__LinkedBetreeRefinement.__default.ILinkedBetreeNode,Buffersidfy,1
Splinter-Betree-PagedBetreeRefinement.broken.i.dfy-Impl__PagedBetreeRefinement.__default.EqualReceipts,PagedBetreeidfy,240
Splinter-Betree-PagedBetreeRefinement.broken.i.dfy-Impl__PagedBetreeRefinement.__default.EqualReceipts,Prelude,232
Splinter-Betree-PagedBetreeRefinement.broken.i.dfy-Impl__PagedBetreeRefinement.__default.EqualReceipts,funType,187
Splinter-Betree-PagedBetreeRefinement.broken.i.dfy-Impl__PagedBetreeRefinement.__default.EqualReceipts,unknown,163
Splinter-Betree-PagedBetreeRefinement.broken.i.dfy-Impl__PagedBetreeRefinement.__default.EqualReceipts,MessagesdfyValueMessage,46
Splinter-Betree-PagedBetreeRefinement.broken.i.dfy-Impl__PagedBetreeRefinement.__default.EqualReceipts,Buffersidfy,21
Splinter-Betree-PagedBetreeRefinement.broken.i.dfy-Impl__PagedBetreeRefinement.__default.EqualReceipts,builtin,16
Splinter-Betree-PagedBetreeRefinement.broken.i.dfy-Impl__PagedBetreeRefinement.__default.EqualReceipts,PagedBetreeRefinementidfy,4
Splinter-Betree-PagedBetreeRefinement.broken.i.dfy-Impl__PagedBetreeRefinement.__default.EqualReceipts,TotalMapsdfyTotalKMMapMod,2
Splinter-Betree-PivotBetree.broken.i.dfy-CheckWellformed__PivotBetree.BetreeNode.Flush,totalorder,599
Splinter-Betree-PivotBetree.broken.i.dfy-CheckWellformed__PivotBetree.BetreeNode.Flush,Prelude,233
Splinter-Betree-PivotBetree.broken.i.dfy-CheckWellformed__PivotBetree.BetreeNode.Flush,PivotBetreeidfy,178
Splinter-Betree-PivotBetree.broken.i.dfy-CheckWellformed__PivotBetree.BetreeNode.Flush,funType,169
Splinter-Betree-PivotBetree.broken.i.dfy-CheckWellformed__PivotBetree.BetreeNode.Flush,unknown,140
Splinter-Betree-PivotBetree.broken.i.dfy-CheckWellformed__PivotBetree.BetreeNode.Flush,Domainidfy,65
Splinter-Betree-PivotBetree.broken.i.dfy-CheckWellformed__PivotBetree.BetreeNode.Flush,BoundedPivotsLibidfy,61
Splinter-Betree-PivotBetree.broken.i.dfy-CheckWellformed__PivotBetree.BetreeNode.Flush,Buffersidfy,34
Splinter-Betree-PivotBetree.broken.i.dfy-CheckWellformed__PivotBetree.BetreeNode.Flush,MessagesdfyValueMessage,3
Splinter-Betree-PivotBetree.broken.i.dfy-CheckWellformed__PivotBetree.BetreeNode.Flush,TotalMapsdfyTotalKMMapMod,2
Splinter-Betree-PivotBetree.broken.i.dfy-CheckWellformed__PivotBetree.BetreeNode.Flush,builtin,2
Splinter-Betree-LinkedBetreeRefinement.broken1.i.dfy-Impl__LinkedBetreeRefinement.__default.IReceiptValid,totalorder,3151
Splinter-Betree-LinkedBetreeRefinement.broken1.i.dfy-Impl__LinkedBetreeRefinement.__default.IReceiptValid,Prelude,985
Splinter-Betree-LinkedBetreeRefinement.broken1.i.dfy-Impl__LinkedBetreeRefinement.__default.IReceiptValid,LinkedBetreeidfy,814
Splinter-Betree-LinkedBetreeRefinement.broken1.i.dfy-Impl__LinkedBetreeRefinement.__default.IReceiptValid,funType,754
Splinter-Betree-LinkedBetreeRefinement.broken1.i.dfy-Impl__LinkedBetreeRefinement.__default.IReceiptValid,unknown,540
Splinter-Betree-LinkedBetreeRefinement.broken1.i.dfy-Impl__LinkedBetreeRefinement.__default.IReceiptValid,PivotBetreeidfy,298
Splinter-Betree-LinkedBetreeRefinement.broken1.i.dfy-Impl__LinkedBetreeRefinement.__default.IReceiptValid,BoundedPivotsLibidfy,140
Splinter-Betree-LinkedBetreeRefinement.broken1.i.dfy-Impl__LinkedBetreeRefinement.__default.IReceiptValid,LinkedBetreeRefinementidfy,89
Splinter-Betree-LinkedBetreeRefinement.broken1.i.dfy-Impl__LinkedBetreeRefinement.__default.IReceiptValid,builtin,83
Splinter-Betree-LinkedBetreeRefinement.broken1.i.dfy-Impl__LinkedBetreeRefinement.__default.IReceiptValid,MessagesdfyValueMessage,36
Splinter-Betree-LinkedBetreeRefinement.broken1.i.dfy-Impl__LinkedBetreeRefinement.__default.IReceiptValid,Buffersidfy,22
Splinter-Betree-LinkedBetreeRefinement.broken1.i.dfy-Impl__LinkedBetreeRefinement.__default.IReceiptValid,Optionsdfy,15
Splinter-Betree-LinkedBetreeRefinement.broken1.i.dfy-Impl__LinkedBetreeRefinement.__default.IReceiptValid,SeqComparisonsdfy,10
Splinter-Betree-LinkedBetreeRefinement.broken1.i.dfy-Impl__LinkedBetreeRefinement.__default.IReceiptValid,Domainidfy,6
Splinter-Betree-LinkedBetreeRefinement.broken1.i.dfy-Impl__LinkedBetreeRefinement.__default.IReceiptValid,TotalMapsdfyTotalKMMapMod,2
Splinter-Betree-LinkedBetreeRefinement.broken2.i.dfy-Impl__LinkedBetreeRefinement.__default.IndexinessCommutesWithI,totalorder,821
Splinter-Betree-LinkedBetreeRefinement.broken2.i.dfy-Impl__LinkedBetreeRefinement.__default.IndexinessCommutesWithI,Prelude,275
Splinter-Betree-LinkedBetreeRefinement.broken2.i.dfy-Impl__LinkedBetreeRefinement.__default.IndexinessCommutesWithI,funType,232
Splinter-Betree-LinkedBetreeRefinement.broken2.i.dfy-Impl__LinkedBetreeRefinement.__default.IndexinessCommutesWithI,LinkedBetreeidfy,195
Splinter-Betree-LinkedBetreeRefinement.broken2.i.dfy-Impl__LinkedBetreeRefinement.__default.IndexinessCommutesWithI,unknown,151
Splinter-Betree-LinkedBetreeRefinement.broken2.i.dfy-Impl__LinkedBetreeRefinement.__default.IndexinessCommutesWithI,builtin,63
Splinter-Betree-LinkedBetreeRefinement.broken2.i.dfy-Impl__LinkedBetreeRefinement.__default.IndexinessCommutesWithI,PivotBetreeidfy,45
Splinter-Betree-LinkedBetreeRefinement.broken2.i.dfy-Impl__LinkedBetreeRefinement.__default.IndexinessCommutesWithI,LinkedBetreeRefinementidfy,21
Splinter-Betree-LinkedBetreeRefinement.broken2.i.dfy-Impl__LinkedBetreeRefinement.__default.IndexinessCommutesWithI,BoundedPivotsLibidfy,11
Splinter-Betree-LinkedBetreeRefinement.broken2.i.dfy-Impl__LinkedBetreeRefinement.__default.IndexinessCommutesWithI,Domainidfy,6
Splinter-Betree-LinkedBetreeRefinement.broken2.i.dfy-Impl__LinkedBetreeRefinement.__default.IndexinessCommutesWithI,Optionsdfy,6
Splinter-Betree-LinkedBetreeRefinement.broken2.i.dfy-Impl__LinkedBetreeRefinement.__default.IndexinessCommutesWithI,MessagesdfyValueMessage,3
Splinter-Betree-LinkedBetreeRefinement.broken2.i.dfy-Impl__LinkedBetreeRefinement.__default.IndexinessCommutesWithI,TotalMapsdfyTotalKMMapMod,2
Splinter-Betree-LinkedBetreeRefinement.broken2.i.dfy-Impl__LinkedBetreeRefinement.__default.IndexinessCommutesWithI,Buffersidfy,1
Splinter-Betree-LinkedBetreeRefinement.broken2.i.dfy-Impl__LinkedBetreeRefinement.__default.IReceiptValid,totalorder,3579
Splinter-Betree-LinkedBetreeRefinement.broken2.i.dfy-Impl__LinkedBetreeRefinement.__default.IReceiptValid,Prelude,1108
Splinter-Betree-LinkedBetreeRefinement.broken2.i.dfy-Impl__LinkedBetreeRefinement.__default.IReceiptValid,funType,883
Splinter-Betree-LinkedBetreeRefinement.broken2.i.dfy-Impl__LinkedBetreeRefinement.__default.IReceiptValid,LinkedBetreeidfy,851
Splinter-Betree-LinkedBetreeRefinement.broken2.i.dfy-Impl__LinkedBetreeRefinement.__default.IReceiptValid,unknown,628
Splinter-Betree-LinkedBetreeRefinement.broken2.i.dfy-Impl__LinkedBetreeRefinement.__default.IReceiptValid,PivotBetreeidfy,341
Splinter-Betree-LinkedBetreeRefinement.broken2.i.dfy-Impl__LinkedBetreeRefinement.__default.IReceiptValid,BoundedPivotsLibidfy,162
Splinter-Betree-LinkedBetreeRefinement.broken2.i.dfy-Impl__LinkedBetreeRefinement.__default.IReceiptValid,LinkedBetreeRefinementidfy,109
Splinter-Betree-LinkedBetreeRefinement.broken2.i.dfy-Impl__LinkedBetreeRefinement.__default.IReceiptValid,builtin,99
Splinter-Betree-LinkedBetreeRefinement.broken2.i.dfy-Impl__LinkedBetreeRefinement.__default.IReceiptValid,MessagesdfyValueMessage,36
Splinter-Betree-LinkedBetreeRefinement.broken2.i.dfy-Impl__LinkedBetreeRefinement.__default.IReceiptValid,Buffersidfy,22
Splinter-Betree-LinkedBetreeRefinement.broken2.i.dfy-Impl__LinkedBetreeRefinement.__default.IReceiptValid,Optionsdfy,15
Splinter-Betree-LinkedBetreeRefinement.broken2.i.dfy-Impl__LinkedBetreeRefinement.__default.IReceiptValid,SeqComparisonsdfy,12
Splinter-Betree-LinkedBetreeRefinement.broken2.i.dfy-Impl__LinkedBetreeRefinement.__default.IReceiptValid,Domainidfy,6
Splinter-Betree-LinkedBetreeRefinement.broken2.i.dfy-Impl__LinkedBetreeRefinement.__default.IReceiptValid,TotalMapsdfyTotalKMMapMod,2
Splinter-Betree-PagedBetreeRefinement.broken.i.dfy-CheckWellformed__PagedBetreeRefinement.__default.BuildQueryReceipt,Prelude,1706
Splinter-Betree-PagedBetreeRefinement.broken.i.dfy-CheckWellformed__PagedBetreeRefinement.__default.BuildQueryReceipt,PagedBetreeidfy,1591
Splinter-Betree-PagedBetreeRefinement.broken.i.dfy-CheckWellformed__PagedBetreeRefinement.__default.BuildQueryReceipt,funType,1423
Splinter-Betree-PagedBetreeRefinement.broken.i.dfy-CheckWellformed__PagedBetreeRefinement.__default.BuildQueryReceipt,unknown,1286
Splinter-Betree-PagedBetreeRefinement.broken.i.dfy-CheckWellformed__PagedBetreeRefinement.__default.BuildQueryReceipt,MessagesdfyValueMessage,228
Splinter-Betree-PagedBetreeRefinement.broken.i.dfy-CheckWellformed__PagedBetreeRefinement.__default.BuildQueryReceipt,Buffersidfy,221
Splinter-Betree-PagedBetreeRefinement.broken.i.dfy-CheckWellformed__PagedBetreeRefinement.__default.BuildQueryReceipt,builtin,76
Splinter-Betree-PagedBetreeRefinement.broken.i.dfy-CheckWellformed__PagedBetreeRefinement.__default.BuildQueryReceipt,TotalMapsdfyTotalKMMapMod,40
Splinter-Betree-PagedBetreeRefinement.broken.i.dfy-CheckWellformed__PagedBetreeRefinement.__default.BuildQueryReceipt,PagedBetreeRefinementidfy,24
Splinter-Betree-PagedBetreeRefinement.broken.i.dfy-CheckWellformed__PagedBetreeRefinement.__default.BuildQueryReceipt,KeyTypesdfy,3
Splinter-Betree-MarshalledBetreeRefinement.broken2.i.dfy-Impl__MarshalledBetreeRefinement.__default.TypedModelUnique,totalorder,965
Splinter-Betree-MarshalledBetreeRefinement.broken2.i.dfy-Impl__MarshalledBetreeRefinement.__default.TypedModelUnique,Prelude,425
Splinter-Betree-MarshalledBetreeRefinement.broken2.i.dfy-Impl__MarshalledBetreeRefinement.__default.TypedModelUnique,LinkedBetreeidfy,303
Splinter-Betree-MarshalledBetreeRefinement.broken2.i.dfy-Impl__MarshalledBetreeRefinement.__default.TypedModelUnique,funType,188
Splinter-Betree-MarshalledBetreeRefinement.broken2.i.dfy-Impl__MarshalledBetreeRefinement.__default.TypedModelUnique,unknown,164
Splinter-Betree-MarshalledBetreeRefinement.broken2.i.dfy-Impl__MarshalledBetreeRefinement.__default.TypedModelUnique,MarshalledBetreeidfy,29
Splinter-Betree-MarshalledBetreeRefinement.broken2.i.dfy-Impl__MarshalledBetreeRefinement.__default.TypedModelUnique,builtin,28
Splinter-Betree-MarshalledBetreeRefinement.broken2.i.dfy-Impl__MarshalledBetreeRefinement.__default.TypedModelUnique,MarshalledBetreeRefinementidfy,27
Splinter-Betree-MarshalledBetreeRefinement.broken2.i.dfy-Impl__MarshalledBetreeRefinement.__default.TypedModelUnique,GenericDiskidfy,16
Splinter-Betree-MarshalledBetreeRefinement.broken2.i.dfy-Impl__MarshalledBetreeRefinement.__default.TypedModelUnique,BoundedPivotsLibidfy,5
Splinter-Betree-LinkedBetreeRefinement.broken1.i.dfy-Impl__LinkedBetreeRefinement.__default.IndexinessCommutesWithI,totalorder,759
Splinter-Betree-LinkedBetreeRefinement.broken1.i.dfy-Impl__LinkedBetreeRefinement.__default.IndexinessCommutesWithI,Prelude,250
Splinter-Betree-LinkedBetreeRefinement.broken1.i.dfy-Impl__LinkedBetreeRefinement.__default.IndexinessCommutesWithI,funType,219
Splinter-Betree-LinkedBetreeRefinement.broken1.i.dfy-Impl__LinkedBetreeRefinement.__default.IndexinessCommutesWithI,LinkedBetreeidfy,207
Splinter-Betree-LinkedBetreeRefinement.broken1.i.dfy-Impl__LinkedBetreeRefinement.__default.IndexinessCommutesWithI,unknown,143
Splinter-Betree-LinkedBetreeRefinement.broken1.i.dfy-Impl__LinkedBetreeRefinement.__default.IndexinessCommutesWithI,builtin,45
Splinter-Betree-LinkedBetreeRefinement.broken1.i.dfy-Impl__LinkedBetreeRefinement.__default.IndexinessCommutesWithI,PivotBetreeidfy,41
Splinter-Betree-LinkedBetreeRefinement.broken1.i.dfy-Impl__LinkedBetreeRefinement.__default.IndexinessCommutesWithI,LinkedBetreeRefinementidfy,26
Splinter-Betree-LinkedBetreeRefinement.broken1.i.dfy-Impl__LinkedBetreeRefinement.__default.IndexinessCommutesWithI,BoundedPivotsLibidfy,10
Splinter-Betree-LinkedBetreeRefinement.broken1.i.dfy-Impl__LinkedBetreeRefinement.__default.IndexinessCommutesWithI,Domainidfy,6
Splinter-Betree-LinkedBetreeRefinement.broken1.i.dfy-Impl__LinkedBetreeRefinement.__default.IndexinessCommutesWithI,Optionsdfy,6
Splinter-Betree-LinkedBetreeRefinement.broken1.i.dfy-Impl__LinkedBetreeRefinement.__default.IndexinessCommutesWithI,MessagesdfyValueMessage,3
Splinter-Betree-LinkedBetreeRefinement.broken1.i.dfy-Impl__LinkedBetreeRefinement.__default.IndexinessCommutesWithI,TotalMapsdfyTotalKMMapMod,2
Splinter-Betree-LinkedBetreeRefinement.broken1.i.dfy-Impl__LinkedBetreeRefinement.__default.IndexinessCommutesWithI,Buffersidfy,1
Splinter-Betree-PivotBetreeRefinement.broken1.i.dfy-CheckWellformed__PivotBetreeRefinement.__default.IChildren,totalorder,235
Splinter-Betree-PivotBetreeRefinement.broken1.i.dfy-CheckWellformed__PivotBetreeRefinement.__default.IChildren,Prelude,85
Splinter-Betree-PivotBetreeRefinement.broken1.i.dfy-CheckWellformed__PivotBetreeRefinement.__default.IChildren,PivotBetreeidfy,38
Splinter-Betree-PivotBetreeRefinement.broken1.i.dfy-CheckWellformed__PivotBetreeRefinement.__default.IChildren,funType,30
Splinter-Betree-PivotBetreeRefinement.broken1.i.dfy-CheckWellformed__PivotBetreeRefinement.__default.IChildren,unknown,29
Splinter-Betree-PivotBetreeRefinement.broken1.i.dfy-CheckWellformed__PivotBetreeRefinement.__default.IChildren,BoundedPivotsLibidfy,27
Splinter-Betree-PivotBetreeRefinement.broken1.i.dfy-CheckWellformed__PivotBetreeRefinement.__default.IChildren,Domainidfy,6
Splinter-Betree-PivotBetreeRefinement.broken1.i.dfy-CheckWellformed__PivotBetreeRefinement.__default.IChildren,PagedBetreeidfy,5
Splinter-Betree-PivotBetreeRefinement.broken1.i.dfy-CheckWellformed__PivotBetreeRefinement.__default.IChildren,Buffersidfy,3
Splinter-Betree-PivotBetreeRefinement.broken1.i.dfy-CheckWellformed__PivotBetreeRefinement.__default.IChildren,MessagesdfyValueMessage,3
Splinter-Betree-PivotBetreeRefinement.broken1.i.dfy-CheckWellformed__PivotBetreeRefinement.__default.IChildren,PivotBetreeRefinementidfy,2
Splinter-Betree-PivotBetreeRefinement.broken1.i.dfy-CheckWellformed__PivotBetreeRefinement.__default.IChildren,TotalMapsdfyTotalKMMapMod,2
Splinter-Betree-PivotBetreeRefinement.broken1.i.dfy-CheckWellformed__PivotBetreeRefinement.__default.IChildren,SeqComparisonsdfy,1
Splinter-Betree-PivotBetreeRefinement.broken1.i.dfy-CheckWellformed__PivotBetreeRefinement.__default.IChildren,KeyTypesdfy,1
Splinter-Betree-MarshalledBetreeRefinement.broken3.i.dfy-Impl__MarshalledBetreeRefinement.__default.TypedModelUnique,totalorder,1067
Splinter-Betree-MarshalledBetreeRefinement.broken3.i.dfy-Impl__MarshalledBetreeRefinement.__default.TypedModelUnique,Prelude,489
Splinter-Betree-MarshalledBetreeRefinement.broken3.i.dfy-Impl__MarshalledBetreeRefinement.__default.TypedModelUnique,LinkedBetreeidfy,427
Splinter-Betree-MarshalledBetreeRefinement.broken3.i.dfy-Impl__MarshalledBetreeRefinement.__default.TypedModelUnique,funType,218
Splinter-Betree-MarshalledBetreeRefinement.broken3.i.dfy-Impl__MarshalledBetreeRefinement.__default.TypedModelUnique,unknown,183
Splinter-Betree-MarshalledBetreeRefinement.broken3.i.dfy-Impl__MarshalledBetreeRefinement.__default.TypedModelUnique,GenericDiskidfy,44
Splinter-Betree-MarshalledBetreeRefinement.broken3.i.dfy-Impl__MarshalledBetreeRefinement.__default.TypedModelUnique,MarshalledBetreeidfy,42
Splinter-Betree-MarshalledBetreeRefinement.broken3.i.dfy-Impl__MarshalledBetreeRefinement.__default.TypedModelUnique,builtin,39
Splinter-Betree-MarshalledBetreeRefinement.broken3.i.dfy-Impl__MarshalledBetreeRefinement.__default.TypedModelUnique,MarshalledBetreeRefinementidfy,37
Splinter-Betree-MarshalledBetreeRefinement.broken3.i.dfy-Impl__MarshalledBetreeRefinement.__default.TypedModelUnique,BoundedPivotsLibidfy,5
Splinter-Betree-PivotBetreeRefinement.broken1.i.dfy-Impl__PivotBetreeRefinement.__default.InvNext,totalorder,3507
Splinter-Betree-PivotBetreeRefinement.broken1.i.dfy-Impl__PivotBetreeRefinement.__default.InvNext,PivotBetreeidfy,1065
Splinter-Betree-PivotBetreeRefinement.broken1.i.dfy-Impl__PivotBetreeRefinement.__default.InvNext,funType,1016
Splinter-Betree-PivotBetreeRefinement.broken1.i.dfy-Impl__PivotBetreeRefinement.__default.InvNext,Prelude,936
Splinter-Betree-PivotBetreeRefinement.broken1.i.dfy-Impl__PivotBetreeRefinement.__default.InvNext,unknown,767
Splinter-Betree-PivotBetreeRefinement.broken1.i.dfy-Impl__PivotBetreeRefinement.__default.InvNext,BoundedPivotsLibidfy,436
Splinter-Betree-PivotBetreeRefinement.broken1.i.dfy-Impl__PivotBetreeRefinement.__default.InvNext,Domainidfy,211
Splinter-Betree-PivotBetreeRefinement.broken1.i.dfy-Impl__PivotBetreeRefinement.__default.InvNext,Buffersidfy,177
Splinter-Betree-PivotBetreeRefinement.broken1.i.dfy-Impl__PivotBetreeRefinement.__default.InvNext,Sequences,68
Splinter-Betree-PivotBetreeRefinement.broken1.i.dfy-Impl__PivotBetreeRefinement.__default.InvNext,builtin,42
Splinter-Betree-PivotBetreeRefinement.broken1.i.dfy-Impl__PivotBetreeRefinement.__default.InvNext,Memtableidfy,39
Splinter-Betree-PivotBetreeRefinement.broken1.i.dfy-Impl__PivotBetreeRefinement.__default.InvNext,StampedMapidfy,16
Splinter-Betree-PivotBetreeRefinement.broken1.i.dfy-Impl__PivotBetreeRefinement.__default.InvNext,SplitRequestidfy,15
Splinter-Betree-PivotBetreeRefinement.broken1.i.dfy-Impl__PivotBetreeRefinement.__default.InvNext,PivotBetreeRefinementidfy,8
Splinter-Betree-PivotBetreeRefinement.broken1.i.dfy-Impl__PivotBetreeRefinement.__default.InvNext,MsgHistoryidfy,8
Splinter-Betree-PivotBetreeRefinement.broken1.i.dfy-Impl__PivotBetreeRefinement.__default.InvNext,MessagesdfyValueMessage,7
Splinter-Betree-PivotBetreeRefinement.broken1.i.dfy-Impl__PivotBetreeRefinement.__default.InvNext,PagedBetreeidfy,5
Splinter-Betree-PivotBetreeRefinement.broken1.i.dfy-Impl__PivotBetreeRefinement.__default.InvNext,SeqComparisonsdfy,4
Splinter-Betree-PivotBetreeRefinement.broken1.i.dfy-Impl__PivotBetreeRefinement.__default.InvNext,TotalMapsdfyTotalKMMapMod,2
Splinter-CoordinationLayer-CoordinationSystemRefinement.broken.i.dfy-Impl__CoordinationSystemRefinement.__default.CrashNext,Prelude,2102
Splinter-CoordinationLayer-CoordinationSystemRefinement.broken.i.dfy-Impl__CoordinationSystemRefinement.__default.CrashNext,unknown,1111
Splinter-CoordinationLayer-CoordinationSystemRefinement.broken.i.dfy-Impl__CoordinationSystemRefinement.__default.CrashNext,funType,1091
Splinter-CoordinationLayer-CoordinationSystemRefinement.broken.i.dfy-Impl__CoordinationSystemRefinement.__default.CrashNext,MsgHistoryidfy,965
Splinter-CoordinationLayer-CoordinationSystemRefinement.broken.i.dfy-Impl__CoordinationSystemRefinement.__default.CrashNext,builtin,199
Splinter-CoordinationLayer-CoordinationSystemRefinement.broken.i.dfy-Impl__CoordinationSystemRefinement.__default.CrashNext,CoordinationSystemRefinementidfy,143
Splinter-CoordinationLayer-CoordinationSystemRefinement.broken.i.dfy-Impl__CoordinationSystemRefinement.__default.CrashNext,CrashTolerantsdfyCrashTolerantMapSpecMod,107
Splinter-CoordinationLayer-CoordinationSystemRefinement.broken.i.dfy-Impl__CoordinationSystemRefinement.__default.CrashNext,CrashTolerantMapidfy,79
Splinter-CoordinationLayer-CoordinationSystemRefinement.broken.i.dfy-Impl__CoordinationSystemRefinement.__default.CrashNext,CoordinationSystemidfy,66
Splinter-CoordinationLayer-CoordinationSystemRefinement.broken.i.dfy-Impl__CoordinationSystemRefinement.__default.CrashNext,FloatingSeqsdfy,66
Splinter-CoordinationLayer-CoordinationSystemRefinement.broken.i.dfy-Impl__CoordinationSystemRefinement.__default.CrashNext,StampedMapidfy,56
Splinter-CoordinationLayer-CoordinationSystemRefinement.broken.i.dfy-Impl__CoordinationSystemRefinement.__default.CrashNext,CrashTolerantJournalidfy,42
Splinter-CoordinationLayer-CoordinationSystemRefinement.broken.i.dfy-Impl__CoordinationSystemRefinement.__default.CrashNext,MapRemovesdfy,42
Splinter-CoordinationLayer-CoordinationSystemRefinement.broken.i.dfy-Impl__CoordinationSystemRefinement.__default.CrashNext,MessagesdfyValueMessage,23
Splinter-CoordinationLayer-CoordinationSystemRefinement.broken.i.dfy-Impl__CoordinationSystemRefinement.__default.CrashNext,AbstractMapidfy,21
Splinter-CoordinationLayer-CoordinationSystemRefinement.broken.i.dfy-Impl__CoordinationSystemRefinement.__default.CrashNext,TotalMapsdfyTotalKMMapMod,17
Splinter-CoordinationLayer-CoordinationSystemRefinement.broken.i.dfy-Impl__CoordinationSystemRefinement.__default.CrashNext,AbstractJournalidfy,16
Splinter-CoordinationLayer-CoordinationSystemRefinement.broken.i.dfy-Impl__CoordinationSystemRefinement.__default.CrashNext,Asyncsdfy,15
Splinter-CoordinationLayer-CoordinationSystemRefinement.broken.i.dfy-Impl__CoordinationSystemRefinement.__default.CrashNext,Optionsdfy,12
Splinter-CoordinationLayer-CoordinationSystemRefinement.broken.i.dfy-Impl__CoordinationSystemRefinement.__default.CrashNext,MapSpecsdfy,8
Splinter-CoordinationLayer-CoordinationSystemRefinement.broken.i.dfy-Impl__CoordinationSystemRefinement.__default.CrashNext,KeyTypesdfy,2
Splinter-CoordinationLayer-CoordinationSystemRefinement.broken.i.dfy-Impl__CoordinationSystemRefinement.__default.CrashNext,RefinementObligationsdfyCrashTolerantModCrashTolerantMapSpecMod,1
Splinter-Betree-LinkedBetreeRefinement.broken3.i.dfy-Impl__LinkedBetreeRefinement.__default.IReceiptValid,totalorder,2879
Splinter-Betree-LinkedBetreeRefinement.broken3.i.dfy-Impl__LinkedBetreeRefinement.__default.IReceiptValid,Prelude,878
Splinter-Betree-LinkedBetreeRefinement.broken3.i.dfy-Impl__LinkedBetreeRefinement.__default.IReceiptValid,LinkedBetreeidfy,800
Splinter-Betree-LinkedBetreeRefinement.broken3.i.dfy-Impl__LinkedBetreeRefinement.__default.IReceiptValid,funType,710
Splinter-Betree-LinkedBetreeRefinement.broken3.i.dfy-Impl__LinkedBetreeRefinement.__default.IReceiptValid,unknown,508
Splinter-Betree-LinkedBetreeRefinement.broken3.i.dfy-Impl__LinkedBetreeRefinement.__default.IReceiptValid,PivotBetreeidfy,295
Splinter-Betree-LinkedBetreeRefinement.broken3.i.dfy-Impl__LinkedBetreeRefinement.__default.IReceiptValid,LinkedBetreeRefinementidfy,89
Splinter-Betree-LinkedBetreeRefinement.broken3.i.dfy-Impl__LinkedBetreeRefinement.__default.IReceiptValid,BoundedPivotsLibidfy,83
Splinter-Betree-LinkedBetreeRefinement.broken3.i.dfy-Impl__LinkedBetreeRefinement.__default.IReceiptValid,builtin,79
Splinter-Betree-LinkedBetreeRefinement.broken3.i.dfy-Impl__LinkedBetreeRefinement.__default.IReceiptValid,MessagesdfyValueMessage,37
Splinter-Betree-LinkedBetreeRefinement.broken3.i.dfy-Impl__LinkedBetreeRefinement.__default.IReceiptValid,Buffersidfy,22
Splinter-Betree-LinkedBetreeRefinement.broken3.i.dfy-Impl__LinkedBetreeRefinement.__default.IReceiptValid,Optionsdfy,15
Splinter-Betree-LinkedBetreeRefinement.broken3.i.dfy-Impl__LinkedBetreeRefinement.__default.IReceiptValid,SeqComparisonsdfy,8
Splinter-Betree-LinkedBetreeRefinement.broken3.i.dfy-Impl__LinkedBetreeRefinement.__default.IReceiptValid,Domainidfy,6
Splinter-Betree-LinkedBetreeRefinement.broken3.i.dfy-Impl__LinkedBetreeRefinement.__default.IReceiptValid,TotalMapsdfyTotalKMMapMod,2
