source,item,amount,index
Splinter-Betree-PivotBetreeRefinement.broken1.i.dfy-Impl__PivotBetreeRefinement.__default.ValidReceiptRefines,totalorder,7104,1
Splinter-Betree-PivotBetreeRefinement.broken1.i.dfy-Impl__PivotBetreeRefinement.__default.ValidReceiptRefines,funType,1185,2
Splinter-Betree-PivotBetreeRefinement.broken1.i.dfy-Impl__PivotBetreeRefinement.__default.ValidReceiptRefines,Prelude,766,3
Splinter-Betree-PivotBetreeRefinement.broken1.i.dfy-Impl__PivotBetreeRefinement.__default.ValidReceiptRefines,unknown,505,4
Splinter-Betree-PivotBetreeRefinement.broken1.i.dfy-Impl__PivotBetreeRefinement.__default.ValidReceiptRefines,PagedBetreeidfy,361,5
Splinter-Betree-PivotBetreeRefinement.broken1.i.dfy-Impl__PivotBetreeRefinement.__default.ValidReceiptRefines,PivotBetreeidfy,268,6
Splinter-Betree-PivotBetreeRefinement.broken1.i.dfy-Impl__PivotBetreeRefinement.__default.ValidReceiptRefines,builtin,127,7
Splinter-Betree-PivotBetreeRefinement.broken1.i.dfy-Impl__PivotBetreeRefinement.__default.ValidReceiptRefines,PivotBetreeRefinementidfy,113,8
Splinter-Betree-PivotBetreeRefinement.broken1.i.dfy-Impl__PivotBetreeRefinement.__default.ValidReceiptRefines,MessagesdfyValueMessage,81,9
Splinter-Betree-PivotBetreeRefinement.broken1.i.dfy-Impl__PivotBetreeRefinement.__default.ValidReceiptRefines,Buffersidfy,79,10
Splinter-Betree-PivotBetreeRefinement.broken1.i.dfy-Impl__PivotBetreeRefinement.__default.ValidReceiptRefines,BoundedPivotsLibidfy,78,11
Splinter-Betree-PivotBetreeRefinement.broken1.i.dfy-Impl__PivotBetreeRefinement.__default.ValidReceiptRefines,TotalMapsdfyTotalKMMapMod,21,12
Splinter-Betree-PivotBetreeRefinement.broken1.i.dfy-Impl__PivotBetreeRefinement.__default.ValidReceiptRefines,Domainidfy,21,13
Splinter-Betree-PivotBetreeRefinement.broken1.i.dfy-Impl__PivotBetreeRefinement.__default.ValidReceiptRefines,StampedMapidfy,15,14
Splinter-Betree-PivotBetreeRefinement.broken1.i.dfy-Impl__PivotBetreeRefinement.__default.ValidReceiptRefines,KeyTypesdfy,14,15
Splinter-Betree-PivotBetreeRefinement.broken1.i.dfy-Impl__PivotBetreeRefinement.__default.ValidReceiptRefines,SeqComparisonsdfy,5,16
Splinter-Betree-PivotBetreeRefinement.broken2.i.dfy-Impl__PivotBetreeRefinement.__default.ValidReceiptRefines,totalorder,7104,1
Splinter-Betree-PivotBetreeRefinement.broken2.i.dfy-Impl__PivotBetreeRefinement.__default.ValidReceiptRefines,funType,1185,2
Splinter-Betree-PivotBetreeRefinement.broken2.i.dfy-Impl__PivotBetreeRefinement.__default.ValidReceiptRefines,Prelude,766,3
Splinter-Betree-PivotBetreeRefinement.broken2.i.dfy-Impl__PivotBetreeRefinement.__default.ValidReceiptRefines,unknown,505,4
Splinter-Betree-PivotBetreeRefinement.broken2.i.dfy-Impl__PivotBetreeRefinement.__default.ValidReceiptRefines,PagedBetreeidfy,361,5
Splinter-Betree-PivotBetreeRefinement.broken2.i.dfy-Impl__PivotBetreeRefinement.__default.ValidReceiptRefines,PivotBetreeidfy,268,6
Splinter-Betree-PivotBetreeRefinement.broken2.i.dfy-Impl__PivotBetreeRefinement.__default.ValidReceiptRefines,builtin,127,7
Splinter-Betree-PivotBetreeRefinement.broken2.i.dfy-Impl__PivotBetreeRefinement.__default.ValidReceiptRefines,PivotBetreeRefinementidfy,113,8
Splinter-Betree-PivotBetreeRefinement.broken2.i.dfy-Impl__PivotBetreeRefinement.__default.ValidReceiptRefines,MessagesdfyValueMessage,81,9
Splinter-Betree-PivotBetreeRefinement.broken2.i.dfy-Impl__PivotBetreeRefinement.__default.ValidReceiptRefines,Buffersidfy,79,10
Splinter-Betree-PivotBetreeRefinement.broken2.i.dfy-Impl__PivotBetreeRefinement.__default.ValidReceiptRefines,BoundedPivotsLibidfy,78,11
Splinter-Betree-PivotBetreeRefinement.broken2.i.dfy-Impl__PivotBetreeRefinement.__default.ValidReceiptRefines,TotalMapsdfyTotalKMMapMod,21,12
Splinter-Betree-PivotBetreeRefinement.broken2.i.dfy-Impl__PivotBetreeRefinement.__default.ValidReceiptRefines,Domainidfy,21,13
Splinter-Betree-PivotBetreeRefinement.broken2.i.dfy-Impl__PivotBetreeRefinement.__default.ValidReceiptRefines,StampedMapidfy,15,14
Splinter-Betree-PivotBetreeRefinement.broken2.i.dfy-Impl__PivotBetreeRefinement.__default.ValidReceiptRefines,KeyTypesdfy,14,15
Splinter-Betree-PivotBetreeRefinement.broken2.i.dfy-Impl__PivotBetreeRefinement.__default.ValidReceiptRefines,SeqComparisonsdfy,5,16
Splinter-Betree-PivotBetree.broken.i.dfy-CheckWellformed__PivotBetree.Path.ReplacedChildren,totalorder,5826,1
Splinter-Betree-PivotBetree.broken.i.dfy-CheckWellformed__PivotBetree.Path.ReplacedChildren,funType,843,2
Splinter-Betree-PivotBetree.broken.i.dfy-CheckWellformed__PivotBetree.Path.ReplacedChildren,Prelude,690,3
Splinter-Betree-PivotBetree.broken.i.dfy-CheckWellformed__PivotBetree.Path.ReplacedChildren,PivotBetreeidfy,477,4
Splinter-Betree-PivotBetree.broken.i.dfy-CheckWellformed__PivotBetree.Path.ReplacedChildren,unknown,349,5
Splinter-Betree-PivotBetree.broken.i.dfy-CheckWellformed__PivotBetree.Path.ReplacedChildren,BoundedPivotsLibidfy,244,6
Splinter-Betree-PivotBetree.broken.i.dfy-CheckWellformed__PivotBetree.Path.ReplacedChildren,Domainidfy,147,7
Splinter-Betree-PivotBetree.broken.i.dfy-CheckWellformed__PivotBetree.Path.ReplacedChildren,builtin,58,8
Splinter-Betree-PivotBetree.broken.i.dfy-CheckWellformed__PivotBetree.Path.ReplacedChildren,MessagesdfyValueMessage,15,9
Splinter-Betree-PivotBetree.broken.i.dfy-CheckWellformed__PivotBetree.Path.ReplacedChildren,SeqComparisonsdfy,11,10
Splinter-Betree-PivotBetree.broken.i.dfy-CheckWellformed__PivotBetree.Path.ReplacedChildren,StampedMapidfy,5,11
Splinter-Betree-PivotBetree.broken.i.dfy-CheckWellformed__PivotBetree.Path.ReplacedChildren,TotalMapsdfyTotalKMMapMod,5,12
Splinter-Betree-PivotBetree.broken.i.dfy-CheckWellformed__PivotBetree.Path.ReplacedChildren,Buffersidfy,1,13
Splinter-Betree-PagedBetree.broken.i.dfy-CheckWellformed__PagedBetree.BetreeNode.Child,funType,331,1
Splinter-Betree-PagedBetree.broken.i.dfy-CheckWellformed__PagedBetree.BetreeNode.Child,Prelude,121,2
Splinter-Betree-PagedBetree.broken.i.dfy-CheckWellformed__PagedBetree.BetreeNode.Child,builtin,45,3
Splinter-Betree-PagedBetree.broken.i.dfy-CheckWellformed__PagedBetree.BetreeNode.Child,unknown,26,4
Splinter-Betree-PagedBetree.broken.i.dfy-CheckWellformed__PagedBetree.BetreeNode.Child,PagedBetreeidfy,22,5
Splinter-Betree-PagedBetree.broken.i.dfy-CheckWellformed__PagedBetree.BetreeNode.Child,MessagesdfyValueMessage,15,6
Splinter-Betree-PagedBetree.broken.i.dfy-CheckWellformed__PagedBetree.BetreeNode.Child,Buffersidfy,8,7
Splinter-Betree-PagedBetree.broken.i.dfy-CheckWellformed__PagedBetree.BetreeNode.Child,TotalMapsdfyTotalKMMapMod,5,8
Splinter-Betree-PagedBetree.broken.i.dfy-CheckWellformed__PagedBetree.BetreeNode.Child,StampedMapidfy,5,9
Splinter-Betree-PagedBetreeRefinement.broken.i.dfy-Impl__PagedBetreeRefinement.__default.PushBufferStackLemma,funType,1096,1
Splinter-Betree-PagedBetreeRefinement.broken.i.dfy-Impl__PagedBetreeRefinement.__default.PushBufferStackLemma,Prelude,809,2
Splinter-Betree-PagedBetreeRefinement.broken.i.dfy-Impl__PagedBetreeRefinement.__default.PushBufferStackLemma,unknown,542,3
Splinter-Betree-PagedBetreeRefinement.broken.i.dfy-Impl__PagedBetreeRefinement.__default.PushBufferStackLemma,Buffersidfy,295,4
Splinter-Betree-PagedBetreeRefinement.broken.i.dfy-Impl__PagedBetreeRefinement.__default.PushBufferStackLemma,MessagesdfyValueMessage,274,5
Splinter-Betree-PagedBetreeRefinement.broken.i.dfy-Impl__PagedBetreeRefinement.__default.PushBufferStackLemma,builtin,100,6
Splinter-Betree-PagedBetreeRefinement.broken.i.dfy-Impl__PagedBetreeRefinement.__default.PushBufferStackLemma,PagedBetreeidfy,36,7
Splinter-Betree-PagedBetreeRefinement.broken.i.dfy-Impl__PagedBetreeRefinement.__default.PushBufferStackLemma,PagedBetreeRefinementidfy,11,8
Splinter-Betree-PagedBetreeRefinement.broken.i.dfy-Impl__PagedBetreeRefinement.__default.PushBufferStackLemma,StampedMapidfy,10,9
Splinter-Betree-PagedBetreeRefinement.broken.i.dfy-Impl__PagedBetreeRefinement.__default.PushBufferStackLemma,TotalMapsdfyTotalKMMapMod,6,10
Splinter-Betree-PagedBetreeRefinement.broken.i.dfy-Impl__PagedBetreeRefinement.__default.PushBufferStackLemma,KeyTypesdfy,1,11
Splinter-Betree-ReprBetreeRefinement.broken.i.dfy-Impl__ReprBetreeRefinement.__default.ReachabilityInAgreeingDisks,totalorder,9436,1
Splinter-Betree-ReprBetreeRefinement.broken.i.dfy-Impl__ReprBetreeRefinement.__default.ReachabilityInAgreeingDisks,Prelude,1844,2
Splinter-Betree-ReprBetreeRefinement.broken.i.dfy-Impl__ReprBetreeRefinement.__default.ReachabilityInAgreeingDisks,funType,1573,3
Splinter-Betree-ReprBetreeRefinement.broken.i.dfy-Impl__ReprBetreeRefinement.__default.ReachabilityInAgreeingDisks,LinkedBetreeidfy,1333,4
Splinter-Betree-ReprBetreeRefinement.broken.i.dfy-Impl__ReprBetreeRefinement.__default.ReachabilityInAgreeingDisks,unknown,493,5
Splinter-Betree-ReprBetreeRefinement.broken.i.dfy-Impl__ReprBetreeRefinement.__default.ReachabilityInAgreeingDisks,builtin,427,6
Splinter-Betree-ReprBetreeRefinement.broken.i.dfy-Impl__ReprBetreeRefinement.__default.ReachabilityInAgreeingDisks,Domainidfy,60,7
Splinter-Betree-ReprBetreeRefinement.broken.i.dfy-Impl__ReprBetreeRefinement.__default.ReachabilityInAgreeingDisks,Maps,56,8
Splinter-Betree-ReprBetreeRefinement.broken.i.dfy-Impl__ReprBetreeRefinement.__default.ReachabilityInAgreeingDisks,BoundedPivotsLibidfy,43,9
Splinter-Betree-ReprBetreeRefinement.broken.i.dfy-Impl__ReprBetreeRefinement.__default.ReachabilityInAgreeingDisks,MessagesdfyValueMessage,15,10
Splinter-Betree-ReprBetreeRefinement.broken.i.dfy-Impl__ReprBetreeRefinement.__default.ReachabilityInAgreeingDisks,StampedMapidfy,15,11
Splinter-Betree-ReprBetreeRefinement.broken.i.dfy-Impl__ReprBetreeRefinement.__default.ReachabilityInAgreeingDisks,TotalMapsdfyTotalKMMapMod,14,12
Splinter-Betree-ReprBetreeRefinement.broken.i.dfy-Impl__ReprBetreeRefinement.__default.ReachabilityInAgreeingDisks,ReprBetreeRefinementidfy,13,13
Splinter-Betree-ReprBetreeRefinement.broken.i.dfy-Impl__ReprBetreeRefinement.__default.ReachabilityInAgreeingDisks,Optionsdfy,9,14
Splinter-Betree-ReprBetreeRefinement.broken.i.dfy-Impl__ReprBetreeRefinement.__default.ReachabilityInAgreeingDisks,Sets,6,15
Splinter-Betree-ReprBetreeRefinement.broken.i.dfy-Impl__ReprBetreeRefinement.__default.ReachabilityInAgreeingDisks,KeyTypesdfy,1,16
Splinter-Betree-ReprBetreeRefinement.broken.i.dfy-Impl__ReprBetreeRefinement.__default.ReachabilityInAgreeingDisks,Buffersidfy,1,17
Splinter-Betree-MarshalledBetreeRefinement.broken1.i.dfy-Impl__MarshalledBetreeRefinement.__default.TypedModelUnique,totalorder,7013,1
Splinter-Betree-MarshalledBetreeRefinement.broken1.i.dfy-Impl__MarshalledBetreeRefinement.__default.TypedModelUnique,funType,981,2
Splinter-Betree-MarshalledBetreeRefinement.broken1.i.dfy-Impl__MarshalledBetreeRefinement.__default.TypedModelUnique,Prelude,845,3
Splinter-Betree-MarshalledBetreeRefinement.broken1.i.dfy-Impl__MarshalledBetreeRefinement.__default.TypedModelUnique,LinkedBetreeidfy,596,4
Splinter-Betree-MarshalledBetreeRefinement.broken1.i.dfy-Impl__MarshalledBetreeRefinement.__default.TypedModelUnique,unknown,357,5
Splinter-Betree-MarshalledBetreeRefinement.broken1.i.dfy-Impl__MarshalledBetreeRefinement.__default.TypedModelUnique,builtin,106,6
Splinter-Betree-MarshalledBetreeRefinement.broken1.i.dfy-Impl__MarshalledBetreeRefinement.__default.TypedModelUnique,MarshalledBetreeidfy,89,7
Splinter-Betree-MarshalledBetreeRefinement.broken1.i.dfy-Impl__MarshalledBetreeRefinement.__default.TypedModelUnique,GenericDiskidfy,44,8
Splinter-Betree-MarshalledBetreeRefinement.broken1.i.dfy-Impl__MarshalledBetreeRefinement.__default.TypedModelUnique,MarshalledBetreeRefinementidfy,37,9
Splinter-Betree-MarshalledBetreeRefinement.broken1.i.dfy-Impl__MarshalledBetreeRefinement.__default.TypedModelUnique,BoundedPivotsLibidfy,26,10
Splinter-Betree-MarshalledBetreeRefinement.broken1.i.dfy-Impl__MarshalledBetreeRefinement.__default.TypedModelUnique,StampedMapidfy,23,11
Splinter-Betree-MarshalledBetreeRefinement.broken1.i.dfy-Impl__MarshalledBetreeRefinement.__default.TypedModelUnique,Domainidfy,21,12
Splinter-Betree-MarshalledBetreeRefinement.broken1.i.dfy-Impl__MarshalledBetreeRefinement.__default.TypedModelUnique,MessagesdfyValueMessage,15,13
Splinter-Betree-MarshalledBetreeRefinement.broken1.i.dfy-Impl__MarshalledBetreeRefinement.__default.TypedModelUnique,TotalMapsdfyTotalKMMapMod,14,14
Splinter-Betree-MarshalledBetreeRefinement.broken1.i.dfy-Impl__MarshalledBetreeRefinement.__default.TypedModelUnique,KeyTypesdfy,1,15
Splinter-Betree-MarshalledBetreeRefinement.broken1.i.dfy-Impl__MarshalledBetreeRefinement.__default.TypedModelUnique,Buffersidfy,1,16
Splinter-Betree-PagedBetreeRefinement.broken.i.dfy-Impl__PagedBetreeRefinement.__default.SingletonBufferStack,funType,508,1
Splinter-Betree-PagedBetreeRefinement.broken.i.dfy-Impl__PagedBetreeRefinement.__default.SingletonBufferStack,Prelude,299,2
Splinter-Betree-PagedBetreeRefinement.broken.i.dfy-Impl__PagedBetreeRefinement.__default.SingletonBufferStack,unknown,125,3
Splinter-Betree-PagedBetreeRefinement.broken.i.dfy-Impl__PagedBetreeRefinement.__default.SingletonBufferStack,Buffersidfy,84,4
Splinter-Betree-PagedBetreeRefinement.broken.i.dfy-Impl__PagedBetreeRefinement.__default.SingletonBufferStack,PagedBetreeidfy,70,5
Splinter-Betree-PagedBetreeRefinement.broken.i.dfy-Impl__PagedBetreeRefinement.__default.SingletonBufferStack,builtin,65,6
Splinter-Betree-PagedBetreeRefinement.broken.i.dfy-Impl__PagedBetreeRefinement.__default.SingletonBufferStack,MessagesdfyValueMessage,51,7
Splinter-Betree-PagedBetreeRefinement.broken.i.dfy-Impl__PagedBetreeRefinement.__default.SingletonBufferStack,StampedMapidfy,10,8
Splinter-Betree-PagedBetreeRefinement.broken.i.dfy-Impl__PagedBetreeRefinement.__default.SingletonBufferStack,TotalMapsdfyTotalKMMapMod,9,9
Splinter-Betree-PagedBetreeRefinement.broken.i.dfy-Impl__PagedBetreeRefinement.__default.SingletonBufferStack,KeyTypesdfy,4,10
Splinter-Betree-LinkedBetreeRefinement.broken1.i.dfy-Impl__LinkedBetreeRefinement.__default.ReachableAddrIgnoresRanking,totalorder,6320,1
Splinter-Betree-LinkedBetreeRefinement.broken1.i.dfy-Impl__LinkedBetreeRefinement.__default.ReachableAddrIgnoresRanking,funType,945,2
Splinter-Betree-LinkedBetreeRefinement.broken1.i.dfy-Impl__LinkedBetreeRefinement.__default.ReachableAddrIgnoresRanking,Prelude,688,3
Splinter-Betree-LinkedBetreeRefinement.broken1.i.dfy-Impl__LinkedBetreeRefinement.__default.ReachableAddrIgnoresRanking,LinkedBetreeidfy,424,4
Splinter-Betree-LinkedBetreeRefinement.broken1.i.dfy-Impl__LinkedBetreeRefinement.__default.ReachableAddrIgnoresRanking,unknown,272,5
Splinter-Betree-LinkedBetreeRefinement.broken1.i.dfy-Impl__LinkedBetreeRefinement.__default.ReachableAddrIgnoresRanking,builtin,157,6
Splinter-Betree-LinkedBetreeRefinement.broken1.i.dfy-Impl__LinkedBetreeRefinement.__default.ReachableAddrIgnoresRanking,Domainidfy,21,7
Splinter-Betree-LinkedBetreeRefinement.broken1.i.dfy-Impl__LinkedBetreeRefinement.__default.ReachableAddrIgnoresRanking,BoundedPivotsLibidfy,18,8
Splinter-Betree-LinkedBetreeRefinement.broken1.i.dfy-Impl__LinkedBetreeRefinement.__default.ReachableAddrIgnoresRanking,MessagesdfyValueMessage,15,9
Splinter-Betree-LinkedBetreeRefinement.broken1.i.dfy-Impl__LinkedBetreeRefinement.__default.ReachableAddrIgnoresRanking,StampedMapidfy,15,10
Splinter-Betree-LinkedBetreeRefinement.broken1.i.dfy-Impl__LinkedBetreeRefinement.__default.ReachableAddrIgnoresRanking,LinkedBetreeRefinementidfy,8,11
Splinter-Betree-LinkedBetreeRefinement.broken1.i.dfy-Impl__LinkedBetreeRefinement.__default.ReachableAddrIgnoresRanking,TotalMapsdfyTotalKMMapMod,5,12
Splinter-Betree-LinkedBetreeRefinement.broken1.i.dfy-Impl__LinkedBetreeRefinement.__default.ReachableAddrIgnoresRanking,Optionsdfy,3,13
Splinter-Betree-LinkedBetreeRefinement.broken1.i.dfy-Impl__LinkedBetreeRefinement.__default.ReachableAddrIgnoresRanking,Sets,2,14
Splinter-Betree-LinkedBetreeRefinement.broken1.i.dfy-Impl__LinkedBetreeRefinement.__default.ReachableAddrIgnoresRanking,Buffersidfy,1,15
Splinter-Betree-LinkedBetreeRefinement.broken3.i.dfy-CheckWellformed__LinkedBetreeRefinement.__default.ILinkedBetreeNode,totalorder,5895,1
Splinter-Betree-LinkedBetreeRefinement.broken3.i.dfy-CheckWellformed__LinkedBetreeRefinement.__default.ILinkedBetreeNode,funType,845,2
Splinter-Betree-LinkedBetreeRefinement.broken3.i.dfy-CheckWellformed__LinkedBetreeRefinement.__default.ILinkedBetreeNode,Prelude,489,3
Splinter-Betree-LinkedBetreeRefinement.broken3.i.dfy-CheckWellformed__LinkedBetreeRefinement.__default.ILinkedBetreeNode,LinkedBetreeidfy,247,4
Splinter-Betree-LinkedBetreeRefinement.broken3.i.dfy-CheckWellformed__LinkedBetreeRefinement.__default.ILinkedBetreeNode,unknown,200,5
Splinter-Betree-LinkedBetreeRefinement.broken3.i.dfy-CheckWellformed__LinkedBetreeRefinement.__default.ILinkedBetreeNode,builtin,113,6
Splinter-Betree-LinkedBetreeRefinement.broken3.i.dfy-CheckWellformed__LinkedBetreeRefinement.__default.ILinkedBetreeNode,PivotBetreeidfy,78,7
Splinter-Betree-LinkedBetreeRefinement.broken3.i.dfy-CheckWellformed__LinkedBetreeRefinement.__default.ILinkedBetreeNode,BoundedPivotsLibidfy,37,8
Splinter-Betree-LinkedBetreeRefinement.broken3.i.dfy-CheckWellformed__LinkedBetreeRefinement.__default.ILinkedBetreeNode,Domainidfy,35,9
Splinter-Betree-LinkedBetreeRefinement.broken3.i.dfy-CheckWellformed__LinkedBetreeRefinement.__default.ILinkedBetreeNode,LinkedBetreeRefinementidfy,23,10
Splinter-Betree-LinkedBetreeRefinement.broken3.i.dfy-CheckWellformed__LinkedBetreeRefinement.__default.ILinkedBetreeNode,MessagesdfyValueMessage,15,11
Splinter-Betree-LinkedBetreeRefinement.broken3.i.dfy-CheckWellformed__LinkedBetreeRefinement.__default.ILinkedBetreeNode,StampedMapidfy,15,12
Splinter-Betree-LinkedBetreeRefinement.broken3.i.dfy-CheckWellformed__LinkedBetreeRefinement.__default.ILinkedBetreeNode,TotalMapsdfyTotalKMMapMod,14,13
Splinter-Betree-LinkedBetreeRefinement.broken3.i.dfy-CheckWellformed__LinkedBetreeRefinement.__default.ILinkedBetreeNode,Optionsdfy,6,14
Splinter-Betree-LinkedBetreeRefinement.broken3.i.dfy-CheckWellformed__LinkedBetreeRefinement.__default.ILinkedBetreeNode,KeyTypesdfy,1,15
Splinter-Betree-LinkedBetreeRefinement.broken3.i.dfy-CheckWellformed__LinkedBetreeRefinement.__default.ILinkedBetreeNode,Buffersidfy,1,16
Splinter-Betree-PivotBetreeRefinement.broken1.i.dfy-Impl__PivotBetreeRefinement.__default.InternalGrowStepRefines,totalorder,7346,1
Splinter-Betree-PivotBetreeRefinement.broken1.i.dfy-Impl__PivotBetreeRefinement.__default.InternalGrowStepRefines,funType,1237,2
Splinter-Betree-PivotBetreeRefinement.broken1.i.dfy-Impl__PivotBetreeRefinement.__default.InternalGrowStepRefines,Prelude,957,3
Splinter-Betree-PivotBetreeRefinement.broken1.i.dfy-Impl__PivotBetreeRefinement.__default.InternalGrowStepRefines,PagedBetreeidfy,631,4
Splinter-Betree-PivotBetreeRefinement.broken1.i.dfy-Impl__PivotBetreeRefinement.__default.InternalGrowStepRefines,unknown,434,5
Splinter-Betree-PivotBetreeRefinement.broken1.i.dfy-Impl__PivotBetreeRefinement.__default.InternalGrowStepRefines,PivotBetreeidfy,249,6
Splinter-Betree-PivotBetreeRefinement.broken1.i.dfy-Impl__PivotBetreeRefinement.__default.InternalGrowStepRefines,Buffersidfy,201,7
Splinter-Betree-PivotBetreeRefinement.broken1.i.dfy-Impl__PivotBetreeRefinement.__default.InternalGrowStepRefines,BoundedPivotsLibidfy,147,8
Splinter-Betree-PivotBetreeRefinement.broken1.i.dfy-Impl__PivotBetreeRefinement.__default.InternalGrowStepRefines,builtin,137,9
Splinter-Betree-PivotBetreeRefinement.broken1.i.dfy-Impl__PivotBetreeRefinement.__default.InternalGrowStepRefines,PivotBetreeRefinementidfy,112,10
Splinter-Betree-PivotBetreeRefinement.broken1.i.dfy-Impl__PivotBetreeRefinement.__default.InternalGrowStepRefines,Domainidfy,61,11
Splinter-Betree-PivotBetreeRefinement.broken1.i.dfy-Impl__PivotBetreeRefinement.__default.InternalGrowStepRefines,TotalMapsdfyTotalKMMapMod,37,12
Splinter-Betree-PivotBetreeRefinement.broken1.i.dfy-Impl__PivotBetreeRefinement.__default.InternalGrowStepRefines,KeyTypesdfy,30,13
Splinter-Betree-PivotBetreeRefinement.broken1.i.dfy-Impl__PivotBetreeRefinement.__default.InternalGrowStepRefines,StampedMapidfy,19,14
Splinter-Betree-PivotBetreeRefinement.broken1.i.dfy-Impl__PivotBetreeRefinement.__default.InternalGrowStepRefines,MessagesdfyValueMessage,15,15
Splinter-Betree-PivotBetreeRefinement.broken1.i.dfy-Impl__PivotBetreeRefinement.__default.InternalGrowStepRefines,SeqComparisonsdfy,3,16
Splinter-Betree-ReprBetreeRefinement.broken.i.dfy-Impl__ReprBetreeRefinement.__default.ChildReachebleAddrsIsSubset,totalorder,7819,1
Splinter-Betree-ReprBetreeRefinement.broken.i.dfy-Impl__ReprBetreeRefinement.__default.ChildReachebleAddrsIsSubset,Prelude,1228,2
Splinter-Betree-ReprBetreeRefinement.broken.i.dfy-Impl__ReprBetreeRefinement.__default.ChildReachebleAddrsIsSubset,funType,1181,3
Splinter-Betree-ReprBetreeRefinement.broken.i.dfy-Impl__ReprBetreeRefinement.__default.ChildReachebleAddrsIsSubset,LinkedBetreeidfy,465,4
Splinter-Betree-ReprBetreeRefinement.broken.i.dfy-Impl__ReprBetreeRefinement.__default.ChildReachebleAddrsIsSubset,builtin,323,5
Splinter-Betree-ReprBetreeRefinement.broken.i.dfy-Impl__ReprBetreeRefinement.__default.ChildReachebleAddrsIsSubset,unknown,291,6
Splinter-Betree-ReprBetreeRefinement.broken.i.dfy-Impl__ReprBetreeRefinement.__default.ChildReachebleAddrsIsSubset,BoundedPivotsLibidfy,37,7
Splinter-Betree-ReprBetreeRefinement.broken.i.dfy-Impl__ReprBetreeRefinement.__default.ChildReachebleAddrsIsSubset,Domainidfy,35,8
Splinter-Betree-ReprBetreeRefinement.broken.i.dfy-Impl__ReprBetreeRefinement.__default.ChildReachebleAddrsIsSubset,MessagesdfyValueMessage,15,9
Splinter-Betree-ReprBetreeRefinement.broken.i.dfy-Impl__ReprBetreeRefinement.__default.ChildReachebleAddrsIsSubset,StampedMapidfy,15,10
Splinter-Betree-ReprBetreeRefinement.broken.i.dfy-Impl__ReprBetreeRefinement.__default.ChildReachebleAddrsIsSubset,TotalMapsdfyTotalKMMapMod,14,11
Splinter-Betree-ReprBetreeRefinement.broken.i.dfy-Impl__ReprBetreeRefinement.__default.ChildReachebleAddrsIsSubset,Sets,14,12
Splinter-Betree-ReprBetreeRefinement.broken.i.dfy-Impl__ReprBetreeRefinement.__default.ChildReachebleAddrsIsSubset,Optionsdfy,6,13
Splinter-Betree-ReprBetreeRefinement.broken.i.dfy-Impl__ReprBetreeRefinement.__default.ChildReachebleAddrsIsSubset,ReprBetreeRefinementidfy,4,14
Splinter-Betree-ReprBetreeRefinement.broken.i.dfy-Impl__ReprBetreeRefinement.__default.ChildReachebleAddrsIsSubset,KeyTypesdfy,1,15
Splinter-Betree-ReprBetreeRefinement.broken.i.dfy-Impl__ReprBetreeRefinement.__default.ChildReachebleAddrsIsSubset,Buffersidfy,1,16
Splinter-Betree-LinkedBetreeRefinement.broken2.i.dfy-CheckWellformed__LinkedBetreeRefinement.__default.ILinkedBetreeNode,totalorder,5895,1
Splinter-Betree-LinkedBetreeRefinement.broken2.i.dfy-CheckWellformed__LinkedBetreeRefinement.__default.ILinkedBetreeNode,funType,845,2
Splinter-Betree-LinkedBetreeRefinement.broken2.i.dfy-CheckWellformed__LinkedBetreeRefinement.__default.ILinkedBetreeNode,Prelude,489,3
Splinter-Betree-LinkedBetreeRefinement.broken2.i.dfy-CheckWellformed__LinkedBetreeRefinement.__default.ILinkedBetreeNode,LinkedBetreeidfy,247,4
Splinter-Betree-LinkedBetreeRefinement.broken2.i.dfy-CheckWellformed__LinkedBetreeRefinement.__default.ILinkedBetreeNode,unknown,200,5
Splinter-Betree-LinkedBetreeRefinement.broken2.i.dfy-CheckWellformed__LinkedBetreeRefinement.__default.ILinkedBetreeNode,builtin,113,6
Splinter-Betree-LinkedBetreeRefinement.broken2.i.dfy-CheckWellformed__LinkedBetreeRefinement.__default.ILinkedBetreeNode,PivotBetreeidfy,78,7
Splinter-Betree-LinkedBetreeRefinement.broken2.i.dfy-CheckWellformed__LinkedBetreeRefinement.__default.ILinkedBetreeNode,BoundedPivotsLibidfy,37,8
Splinter-Betree-LinkedBetreeRefinement.broken2.i.dfy-CheckWellformed__LinkedBetreeRefinement.__default.ILinkedBetreeNode,Domainidfy,35,9
Splinter-Betree-LinkedBetreeRefinement.broken2.i.dfy-CheckWellformed__LinkedBetreeRefinement.__default.ILinkedBetreeNode,LinkedBetreeRefinementidfy,23,10
Splinter-Betree-LinkedBetreeRefinement.broken2.i.dfy-CheckWellformed__LinkedBetreeRefinement.__default.ILinkedBetreeNode,MessagesdfyValueMessage,15,11
Splinter-Betree-LinkedBetreeRefinement.broken2.i.dfy-CheckWellformed__LinkedBetreeRefinement.__default.ILinkedBetreeNode,StampedMapidfy,15,12
Splinter-Betree-LinkedBetreeRefinement.broken2.i.dfy-CheckWellformed__LinkedBetreeRefinement.__default.ILinkedBetreeNode,TotalMapsdfyTotalKMMapMod,14,13
Splinter-Betree-LinkedBetreeRefinement.broken2.i.dfy-CheckWellformed__LinkedBetreeRefinement.__default.ILinkedBetreeNode,Optionsdfy,6,14
Splinter-Betree-LinkedBetreeRefinement.broken2.i.dfy-CheckWellformed__LinkedBetreeRefinement.__default.ILinkedBetreeNode,KeyTypesdfy,1,15
Splinter-Betree-LinkedBetreeRefinement.broken2.i.dfy-CheckWellformed__LinkedBetreeRefinement.__default.ILinkedBetreeNode,Buffersidfy,1,16
Splinter-Betree-PagedBetreeRefinement.broken.i.dfy-Impl__PagedBetreeRefinement.__default.EqualReceipts,funType,662,1
Splinter-Betree-PagedBetreeRefinement.broken.i.dfy-Impl__PagedBetreeRefinement.__default.EqualReceipts,Prelude,481,2
Splinter-Betree-PagedBetreeRefinement.broken.i.dfy-Impl__PagedBetreeRefinement.__default.EqualReceipts,PagedBetreeidfy,336,3
Splinter-Betree-PagedBetreeRefinement.broken.i.dfy-Impl__PagedBetreeRefinement.__default.EqualReceipts,unknown,301,4
Splinter-Betree-PagedBetreeRefinement.broken.i.dfy-Impl__PagedBetreeRefinement.__default.EqualReceipts,builtin,70,5
Splinter-Betree-PagedBetreeRefinement.broken.i.dfy-Impl__PagedBetreeRefinement.__default.EqualReceipts,MessagesdfyValueMessage,62,6
Splinter-Betree-PagedBetreeRefinement.broken.i.dfy-Impl__PagedBetreeRefinement.__default.EqualReceipts,Buffersidfy,32,7
Splinter-Betree-PagedBetreeRefinement.broken.i.dfy-Impl__PagedBetreeRefinement.__default.EqualReceipts,StampedMapidfy,10,8
Splinter-Betree-PagedBetreeRefinement.broken.i.dfy-Impl__PagedBetreeRefinement.__default.EqualReceipts,TotalMapsdfyTotalKMMapMod,5,9
Splinter-Betree-PagedBetreeRefinement.broken.i.dfy-Impl__PagedBetreeRefinement.__default.EqualReceipts,PagedBetreeRefinementidfy,4,10
Splinter-Betree-PivotBetree.broken.i.dfy-CheckWellformed__PivotBetree.BetreeNode.Flush,totalorder,4987,1
Splinter-Betree-PivotBetree.broken.i.dfy-CheckWellformed__PivotBetree.BetreeNode.Flush,funType,674,2
Splinter-Betree-PivotBetree.broken.i.dfy-CheckWellformed__PivotBetree.BetreeNode.Flush,Prelude,412,3
Splinter-Betree-PivotBetree.broken.i.dfy-CheckWellformed__PivotBetree.BetreeNode.Flush,PivotBetreeidfy,202,4
Splinter-Betree-PivotBetree.broken.i.dfy-CheckWellformed__PivotBetree.BetreeNode.Flush,unknown,179,5
Splinter-Betree-PivotBetree.broken.i.dfy-CheckWellformed__PivotBetree.BetreeNode.Flush,Domainidfy,91,6
Splinter-Betree-PivotBetree.broken.i.dfy-CheckWellformed__PivotBetree.BetreeNode.Flush,BoundedPivotsLibidfy,73,7
Splinter-Betree-PivotBetree.broken.i.dfy-CheckWellformed__PivotBetree.BetreeNode.Flush,builtin,71,8
Splinter-Betree-PivotBetree.broken.i.dfy-CheckWellformed__PivotBetree.BetreeNode.Flush,Buffersidfy,60,9
Splinter-Betree-PivotBetree.broken.i.dfy-CheckWellformed__PivotBetree.BetreeNode.Flush,MessagesdfyValueMessage,15,10
Splinter-Betree-PivotBetree.broken.i.dfy-CheckWellformed__PivotBetree.BetreeNode.Flush,StampedMapidfy,5,11
Splinter-Betree-PivotBetree.broken.i.dfy-CheckWellformed__PivotBetree.BetreeNode.Flush,TotalMapsdfyTotalKMMapMod,5,12
Splinter-Betree-PivotBetree.broken.i.dfy-CheckWellformed__PivotBetree.BetreeNode.Flush,LinearSequencesdfy,4,13
Splinter-Betree-LinkedBetreeRefinement.broken1.i.dfy-Impl__LinkedBetreeRefinement.__default.IReceiptValid,totalorder,8919,1
Splinter-Betree-LinkedBetreeRefinement.broken1.i.dfy-Impl__LinkedBetreeRefinement.__default.IReceiptValid,funType,1591,2
Splinter-Betree-LinkedBetreeRefinement.broken1.i.dfy-Impl__LinkedBetreeRefinement.__default.IReceiptValid,Prelude,1409,3
Splinter-Betree-LinkedBetreeRefinement.broken1.i.dfy-Impl__LinkedBetreeRefinement.__default.IReceiptValid,LinkedBetreeidfy,939,4
Splinter-Betree-LinkedBetreeRefinement.broken1.i.dfy-Impl__LinkedBetreeRefinement.__default.IReceiptValid,unknown,766,5
Splinter-Betree-LinkedBetreeRefinement.broken1.i.dfy-Impl__LinkedBetreeRefinement.__default.IReceiptValid,PivotBetreeidfy,360,6
Splinter-Betree-LinkedBetreeRefinement.broken1.i.dfy-Impl__LinkedBetreeRefinement.__default.IReceiptValid,builtin,183,7
Splinter-Betree-LinkedBetreeRefinement.broken1.i.dfy-Impl__LinkedBetreeRefinement.__default.IReceiptValid,BoundedPivotsLibidfy,165,8
Splinter-Betree-LinkedBetreeRefinement.broken1.i.dfy-Impl__LinkedBetreeRefinement.__default.IReceiptValid,LinkedBetreeRefinementidfy,119,9
Splinter-Betree-LinkedBetreeRefinement.broken1.i.dfy-Impl__LinkedBetreeRefinement.__default.IReceiptValid,MessagesdfyValueMessage,49,10
Splinter-Betree-LinkedBetreeRefinement.broken1.i.dfy-Impl__LinkedBetreeRefinement.__default.IReceiptValid,Buffersidfy,22,11
Splinter-Betree-LinkedBetreeRefinement.broken1.i.dfy-Impl__LinkedBetreeRefinement.__default.IReceiptValid,Domainidfy,21,12
Splinter-Betree-LinkedBetreeRefinement.broken1.i.dfy-Impl__LinkedBetreeRefinement.__default.IReceiptValid,Optionsdfy,15,13
Splinter-Betree-LinkedBetreeRefinement.broken1.i.dfy-Impl__LinkedBetreeRefinement.__default.IReceiptValid,StampedMapidfy,15,14
Splinter-Betree-LinkedBetreeRefinement.broken1.i.dfy-Impl__LinkedBetreeRefinement.__default.IReceiptValid,TotalMapsdfyTotalKMMapMod,14,15
Splinter-Betree-LinkedBetreeRefinement.broken1.i.dfy-Impl__LinkedBetreeRefinement.__default.IReceiptValid,SeqComparisonsdfy,12,16
Splinter-Betree-LinkedBetreeRefinement.broken1.i.dfy-Impl__LinkedBetreeRefinement.__default.IReceiptValid,KeyTypesdfy,1,17
Splinter-Betree-LinkedBetreeRefinement.broken2.i.dfy-Impl__LinkedBetreeRefinement.__default.IndexinessCommutesWithI,totalorder,5959,1
Splinter-Betree-LinkedBetreeRefinement.broken2.i.dfy-Impl__LinkedBetreeRefinement.__default.IndexinessCommutesWithI,funType,887,2
Splinter-Betree-LinkedBetreeRefinement.broken2.i.dfy-Impl__LinkedBetreeRefinement.__default.IndexinessCommutesWithI,Prelude,515,3
Splinter-Betree-LinkedBetreeRefinement.broken2.i.dfy-Impl__LinkedBetreeRefinement.__default.IndexinessCommutesWithI,LinkedBetreeidfy,242,4
Splinter-Betree-LinkedBetreeRefinement.broken2.i.dfy-Impl__LinkedBetreeRefinement.__default.IndexinessCommutesWithI,unknown,235,5
Splinter-Betree-LinkedBetreeRefinement.broken2.i.dfy-Impl__LinkedBetreeRefinement.__default.IndexinessCommutesWithI,builtin,123,6
Splinter-Betree-LinkedBetreeRefinement.broken2.i.dfy-Impl__LinkedBetreeRefinement.__default.IndexinessCommutesWithI,PivotBetreeidfy,61,7
Splinter-Betree-LinkedBetreeRefinement.broken2.i.dfy-Impl__LinkedBetreeRefinement.__default.IndexinessCommutesWithI,LinkedBetreeRefinementidfy,28,8
Splinter-Betree-LinkedBetreeRefinement.broken2.i.dfy-Impl__LinkedBetreeRefinement.__default.IndexinessCommutesWithI,Domainidfy,21,9
Splinter-Betree-LinkedBetreeRefinement.broken2.i.dfy-Impl__LinkedBetreeRefinement.__default.IndexinessCommutesWithI,MessagesdfyValueMessage,15,10
Splinter-Betree-LinkedBetreeRefinement.broken2.i.dfy-Impl__LinkedBetreeRefinement.__default.IndexinessCommutesWithI,StampedMapidfy,15,11
Splinter-Betree-LinkedBetreeRefinement.broken2.i.dfy-Impl__LinkedBetreeRefinement.__default.IndexinessCommutesWithI,TotalMapsdfyTotalKMMapMod,14,12
Splinter-Betree-LinkedBetreeRefinement.broken2.i.dfy-Impl__LinkedBetreeRefinement.__default.IndexinessCommutesWithI,BoundedPivotsLibidfy,12,13
Splinter-Betree-LinkedBetreeRefinement.broken2.i.dfy-Impl__LinkedBetreeRefinement.__default.IndexinessCommutesWithI,Optionsdfy,6,14
Splinter-Betree-LinkedBetreeRefinement.broken2.i.dfy-Impl__LinkedBetreeRefinement.__default.IndexinessCommutesWithI,Buffersidfy,1,15
Splinter-Betree-LinkedBetreeRefinement.broken2.i.dfy-Impl__LinkedBetreeRefinement.__default.IndexinessCommutesWithI,KeyTypesdfy,1,16
Splinter-Betree-LinkedBetreeRefinement.broken2.i.dfy-Impl__LinkedBetreeRefinement.__default.IReceiptValid,totalorder,8919,1
Splinter-Betree-LinkedBetreeRefinement.broken2.i.dfy-Impl__LinkedBetreeRefinement.__default.IReceiptValid,funType,1591,2
Splinter-Betree-LinkedBetreeRefinement.broken2.i.dfy-Impl__LinkedBetreeRefinement.__default.IReceiptValid,Prelude,1409,3
Splinter-Betree-LinkedBetreeRefinement.broken2.i.dfy-Impl__LinkedBetreeRefinement.__default.IReceiptValid,LinkedBetreeidfy,939,4
Splinter-Betree-LinkedBetreeRefinement.broken2.i.dfy-Impl__LinkedBetreeRefinement.__default.IReceiptValid,unknown,766,5
Splinter-Betree-LinkedBetreeRefinement.broken2.i.dfy-Impl__LinkedBetreeRefinement.__default.IReceiptValid,PivotBetreeidfy,360,6
Splinter-Betree-LinkedBetreeRefinement.broken2.i.dfy-Impl__LinkedBetreeRefinement.__default.IReceiptValid,builtin,183,7
Splinter-Betree-LinkedBetreeRefinement.broken2.i.dfy-Impl__LinkedBetreeRefinement.__default.IReceiptValid,BoundedPivotsLibidfy,165,8
Splinter-Betree-LinkedBetreeRefinement.broken2.i.dfy-Impl__LinkedBetreeRefinement.__default.IReceiptValid,LinkedBetreeRefinementidfy,119,9
Splinter-Betree-LinkedBetreeRefinement.broken2.i.dfy-Impl__LinkedBetreeRefinement.__default.IReceiptValid,MessagesdfyValueMessage,49,10
Splinter-Betree-LinkedBetreeRefinement.broken2.i.dfy-Impl__LinkedBetreeRefinement.__default.IReceiptValid,Buffersidfy,22,11
Splinter-Betree-LinkedBetreeRefinement.broken2.i.dfy-Impl__LinkedBetreeRefinement.__default.IReceiptValid,Domainidfy,21,12
Splinter-Betree-LinkedBetreeRefinement.broken2.i.dfy-Impl__LinkedBetreeRefinement.__default.IReceiptValid,Optionsdfy,15,13
Splinter-Betree-LinkedBetreeRefinement.broken2.i.dfy-Impl__LinkedBetreeRefinement.__default.IReceiptValid,StampedMapidfy,15,14
Splinter-Betree-LinkedBetreeRefinement.broken2.i.dfy-Impl__LinkedBetreeRefinement.__default.IReceiptValid,TotalMapsdfyTotalKMMapMod,14,15
Splinter-Betree-LinkedBetreeRefinement.broken2.i.dfy-Impl__LinkedBetreeRefinement.__default.IReceiptValid,SeqComparisonsdfy,12,16
Splinter-Betree-LinkedBetreeRefinement.broken2.i.dfy-Impl__LinkedBetreeRefinement.__default.IReceiptValid,KeyTypesdfy,1,17
Splinter-Betree-PagedBetreeRefinement.broken.i.dfy-CheckWellformed__PagedBetreeRefinement.__default.BuildQueryReceipt,Prelude,1889,1
Splinter-Betree-PagedBetreeRefinement.broken.i.dfy-CheckWellformed__PagedBetreeRefinement.__default.BuildQueryReceipt,funType,1834,2
Splinter-Betree-PagedBetreeRefinement.broken.i.dfy-CheckWellformed__PagedBetreeRefinement.__default.BuildQueryReceipt,PagedBetreeidfy,1644,3
Splinter-Betree-PagedBetreeRefinement.broken.i.dfy-CheckWellformed__PagedBetreeRefinement.__default.BuildQueryReceipt,unknown,1332,4
Splinter-Betree-PagedBetreeRefinement.broken.i.dfy-CheckWellformed__PagedBetreeRefinement.__default.BuildQueryReceipt,Buffersidfy,253,5
Splinter-Betree-PagedBetreeRefinement.broken.i.dfy-CheckWellformed__PagedBetreeRefinement.__default.BuildQueryReceipt,MessagesdfyValueMessage,240,6
Splinter-Betree-PagedBetreeRefinement.broken.i.dfy-CheckWellformed__PagedBetreeRefinement.__default.BuildQueryReceipt,builtin,134,7
Splinter-Betree-PagedBetreeRefinement.broken.i.dfy-CheckWellformed__PagedBetreeRefinement.__default.BuildQueryReceipt,TotalMapsdfyTotalKMMapMod,46,8
Splinter-Betree-PagedBetreeRefinement.broken.i.dfy-CheckWellformed__PagedBetreeRefinement.__default.BuildQueryReceipt,PagedBetreeRefinementidfy,24,9
Splinter-Betree-PagedBetreeRefinement.broken.i.dfy-CheckWellformed__PagedBetreeRefinement.__default.BuildQueryReceipt,StampedMapidfy,10,10
Splinter-Betree-PagedBetreeRefinement.broken.i.dfy-CheckWellformed__PagedBetreeRefinement.__default.BuildQueryReceipt,KeyTypesdfy,8,11
Splinter-Betree-MarshalledBetreeRefinement.broken2.i.dfy-Impl__MarshalledBetreeRefinement.__default.TypedModelUnique,totalorder,7013,1
Splinter-Betree-MarshalledBetreeRefinement.broken2.i.dfy-Impl__MarshalledBetreeRefinement.__default.TypedModelUnique,funType,981,2
Splinter-Betree-MarshalledBetreeRefinement.broken2.i.dfy-Impl__MarshalledBetreeRefinement.__default.TypedModelUnique,Prelude,845,3
Splinter-Betree-MarshalledBetreeRefinement.broken2.i.dfy-Impl__MarshalledBetreeRefinement.__default.TypedModelUnique,LinkedBetreeidfy,596,4
Splinter-Betree-MarshalledBetreeRefinement.broken2.i.dfy-Impl__MarshalledBetreeRefinement.__default.TypedModelUnique,unknown,357,5
Splinter-Betree-MarshalledBetreeRefinement.broken2.i.dfy-Impl__MarshalledBetreeRefinement.__default.TypedModelUnique,builtin,106,6
Splinter-Betree-MarshalledBetreeRefinement.broken2.i.dfy-Impl__MarshalledBetreeRefinement.__default.TypedModelUnique,MarshalledBetreeidfy,89,7
Splinter-Betree-MarshalledBetreeRefinement.broken2.i.dfy-Impl__MarshalledBetreeRefinement.__default.TypedModelUnique,GenericDiskidfy,44,8
Splinter-Betree-MarshalledBetreeRefinement.broken2.i.dfy-Impl__MarshalledBetreeRefinement.__default.TypedModelUnique,MarshalledBetreeRefinementidfy,37,9
Splinter-Betree-MarshalledBetreeRefinement.broken2.i.dfy-Impl__MarshalledBetreeRefinement.__default.TypedModelUnique,BoundedPivotsLibidfy,26,10
Splinter-Betree-MarshalledBetreeRefinement.broken2.i.dfy-Impl__MarshalledBetreeRefinement.__default.TypedModelUnique,StampedMapidfy,23,11
Splinter-Betree-MarshalledBetreeRefinement.broken2.i.dfy-Impl__MarshalledBetreeRefinement.__default.TypedModelUnique,Domainidfy,21,12
Splinter-Betree-MarshalledBetreeRefinement.broken2.i.dfy-Impl__MarshalledBetreeRefinement.__default.TypedModelUnique,MessagesdfyValueMessage,15,13
Splinter-Betree-MarshalledBetreeRefinement.broken2.i.dfy-Impl__MarshalledBetreeRefinement.__default.TypedModelUnique,TotalMapsdfyTotalKMMapMod,14,14
Splinter-Betree-MarshalledBetreeRefinement.broken2.i.dfy-Impl__MarshalledBetreeRefinement.__default.TypedModelUnique,KeyTypesdfy,1,15
Splinter-Betree-MarshalledBetreeRefinement.broken2.i.dfy-Impl__MarshalledBetreeRefinement.__default.TypedModelUnique,Buffersidfy,1,16
Splinter-Betree-LinkedBetreeRefinement.broken1.i.dfy-Impl__LinkedBetreeRefinement.__default.IndexinessCommutesWithI,totalorder,5959,1
Splinter-Betree-LinkedBetreeRefinement.broken1.i.dfy-Impl__LinkedBetreeRefinement.__default.IndexinessCommutesWithI,funType,887,2
Splinter-Betree-LinkedBetreeRefinement.broken1.i.dfy-Impl__LinkedBetreeRefinement.__default.IndexinessCommutesWithI,Prelude,515,3
Splinter-Betree-LinkedBetreeRefinement.broken1.i.dfy-Impl__LinkedBetreeRefinement.__default.IndexinessCommutesWithI,LinkedBetreeidfy,242,4
Splinter-Betree-LinkedBetreeRefinement.broken1.i.dfy-Impl__LinkedBetreeRefinement.__default.IndexinessCommutesWithI,unknown,235,5
Splinter-Betree-LinkedBetreeRefinement.broken1.i.dfy-Impl__LinkedBetreeRefinement.__default.IndexinessCommutesWithI,builtin,123,6
Splinter-Betree-LinkedBetreeRefinement.broken1.i.dfy-Impl__LinkedBetreeRefinement.__default.IndexinessCommutesWithI,PivotBetreeidfy,61,7
Splinter-Betree-LinkedBetreeRefinement.broken1.i.dfy-Impl__LinkedBetreeRefinement.__default.IndexinessCommutesWithI,LinkedBetreeRefinementidfy,28,8
Splinter-Betree-LinkedBetreeRefinement.broken1.i.dfy-Impl__LinkedBetreeRefinement.__default.IndexinessCommutesWithI,Domainidfy,21,9
Splinter-Betree-LinkedBetreeRefinement.broken1.i.dfy-Impl__LinkedBetreeRefinement.__default.IndexinessCommutesWithI,MessagesdfyValueMessage,15,10
Splinter-Betree-LinkedBetreeRefinement.broken1.i.dfy-Impl__LinkedBetreeRefinement.__default.IndexinessCommutesWithI,StampedMapidfy,15,11
Splinter-Betree-LinkedBetreeRefinement.broken1.i.dfy-Impl__LinkedBetreeRefinement.__default.IndexinessCommutesWithI,TotalMapsdfyTotalKMMapMod,14,12
Splinter-Betree-LinkedBetreeRefinement.broken1.i.dfy-Impl__LinkedBetreeRefinement.__default.IndexinessCommutesWithI,BoundedPivotsLibidfy,12,13
Splinter-Betree-LinkedBetreeRefinement.broken1.i.dfy-Impl__LinkedBetreeRefinement.__default.IndexinessCommutesWithI,Optionsdfy,6,14
Splinter-Betree-LinkedBetreeRefinement.broken1.i.dfy-Impl__LinkedBetreeRefinement.__default.IndexinessCommutesWithI,Buffersidfy,1,15
Splinter-Betree-LinkedBetreeRefinement.broken1.i.dfy-Impl__LinkedBetreeRefinement.__default.IndexinessCommutesWithI,KeyTypesdfy,1,16
Splinter-Betree-PivotBetreeRefinement.broken1.i.dfy-CheckWellformed__PivotBetreeRefinement.__default.IChildren,totalorder,5299,1
Splinter-Betree-PivotBetreeRefinement.broken1.i.dfy-CheckWellformed__PivotBetreeRefinement.__default.IChildren,funType,651,2
Splinter-Betree-PivotBetreeRefinement.broken1.i.dfy-CheckWellformed__PivotBetreeRefinement.__default.IChildren,Prelude,321,3
Splinter-Betree-PivotBetreeRefinement.broken1.i.dfy-CheckWellformed__PivotBetreeRefinement.__default.IChildren,unknown,102,4
Splinter-Betree-PivotBetreeRefinement.broken1.i.dfy-CheckWellformed__PivotBetreeRefinement.__default.IChildren,PagedBetreeidfy,70,5
Splinter-Betree-PivotBetreeRefinement.broken1.i.dfy-CheckWellformed__PivotBetreeRefinement.__default.IChildren,builtin,59,6
Splinter-Betree-PivotBetreeRefinement.broken1.i.dfy-CheckWellformed__PivotBetreeRefinement.__default.IChildren,PivotBetreeidfy,49,7
Splinter-Betree-PivotBetreeRefinement.broken1.i.dfy-CheckWellformed__PivotBetreeRefinement.__default.IChildren,Buffersidfy,43,8
Splinter-Betree-PivotBetreeRefinement.broken1.i.dfy-CheckWellformed__PivotBetreeRefinement.__default.IChildren,BoundedPivotsLibidfy,30,9
Splinter-Betree-PivotBetreeRefinement.broken1.i.dfy-CheckWellformed__PivotBetreeRefinement.__default.IChildren,Domainidfy,21,10
Splinter-Betree-PivotBetreeRefinement.broken1.i.dfy-CheckWellformed__PivotBetreeRefinement.__default.IChildren,TotalMapsdfyTotalKMMapMod,18,11
Splinter-Betree-PivotBetreeRefinement.broken1.i.dfy-CheckWellformed__PivotBetreeRefinement.__default.IChildren,MessagesdfyValueMessage,15,12
Splinter-Betree-PivotBetreeRefinement.broken1.i.dfy-CheckWellformed__PivotBetreeRefinement.__default.IChildren,StampedMapidfy,15,13
Splinter-Betree-PivotBetreeRefinement.broken1.i.dfy-CheckWellformed__PivotBetreeRefinement.__default.IChildren,KeyTypesdfy,7,14
Splinter-Betree-PivotBetreeRefinement.broken1.i.dfy-CheckWellformed__PivotBetreeRefinement.__default.IChildren,PivotBetreeRefinementidfy,4,15
Splinter-Betree-PivotBetreeRefinement.broken1.i.dfy-CheckWellformed__PivotBetreeRefinement.__default.IChildren,SeqComparisonsdfy,2,16
Splinter-Betree-MarshalledBetreeRefinement.broken3.i.dfy-Impl__MarshalledBetreeRefinement.__default.TypedModelUnique,totalorder,7013,1
Splinter-Betree-MarshalledBetreeRefinement.broken3.i.dfy-Impl__MarshalledBetreeRefinement.__default.TypedModelUnique,funType,981,2
Splinter-Betree-MarshalledBetreeRefinement.broken3.i.dfy-Impl__MarshalledBetreeRefinement.__default.TypedModelUnique,Prelude,845,3
Splinter-Betree-MarshalledBetreeRefinement.broken3.i.dfy-Impl__MarshalledBetreeRefinement.__default.TypedModelUnique,LinkedBetreeidfy,596,4
Splinter-Betree-MarshalledBetreeRefinement.broken3.i.dfy-Impl__MarshalledBetreeRefinement.__default.TypedModelUnique,unknown,357,5
Splinter-Betree-MarshalledBetreeRefinement.broken3.i.dfy-Impl__MarshalledBetreeRefinement.__default.TypedModelUnique,builtin,106,6
Splinter-Betree-MarshalledBetreeRefinement.broken3.i.dfy-Impl__MarshalledBetreeRefinement.__default.TypedModelUnique,MarshalledBetreeidfy,89,7
Splinter-Betree-MarshalledBetreeRefinement.broken3.i.dfy-Impl__MarshalledBetreeRefinement.__default.TypedModelUnique,GenericDiskidfy,44,8
Splinter-Betree-MarshalledBetreeRefinement.broken3.i.dfy-Impl__MarshalledBetreeRefinement.__default.TypedModelUnique,MarshalledBetreeRefinementidfy,37,9
Splinter-Betree-MarshalledBetreeRefinement.broken3.i.dfy-Impl__MarshalledBetreeRefinement.__default.TypedModelUnique,BoundedPivotsLibidfy,26,10
Splinter-Betree-MarshalledBetreeRefinement.broken3.i.dfy-Impl__MarshalledBetreeRefinement.__default.TypedModelUnique,StampedMapidfy,23,11
Splinter-Betree-MarshalledBetreeRefinement.broken3.i.dfy-Impl__MarshalledBetreeRefinement.__default.TypedModelUnique,Domainidfy,21,12
Splinter-Betree-MarshalledBetreeRefinement.broken3.i.dfy-Impl__MarshalledBetreeRefinement.__default.TypedModelUnique,MessagesdfyValueMessage,15,13
Splinter-Betree-MarshalledBetreeRefinement.broken3.i.dfy-Impl__MarshalledBetreeRefinement.__default.TypedModelUnique,TotalMapsdfyTotalKMMapMod,14,14
Splinter-Betree-MarshalledBetreeRefinement.broken3.i.dfy-Impl__MarshalledBetreeRefinement.__default.TypedModelUnique,KeyTypesdfy,1,15
Splinter-Betree-MarshalledBetreeRefinement.broken3.i.dfy-Impl__MarshalledBetreeRefinement.__default.TypedModelUnique,Buffersidfy,1,16
Splinter-Betree-PivotBetreeRefinement.broken1.i.dfy-Impl__PivotBetreeRefinement.__default.InvNext,totalorder,8942,1
Splinter-Betree-PivotBetreeRefinement.broken1.i.dfy-Impl__PivotBetreeRefinement.__default.InvNext,funType,1760,2
Splinter-Betree-PivotBetreeRefinement.broken1.i.dfy-Impl__PivotBetreeRefinement.__default.InvNext,Prelude,1256,3
Splinter-Betree-PivotBetreeRefinement.broken1.i.dfy-Impl__PivotBetreeRefinement.__default.InvNext,PivotBetreeidfy,1246,4
Splinter-Betree-PivotBetreeRefinement.broken1.i.dfy-Impl__PivotBetreeRefinement.__default.InvNext,unknown,987,5
Splinter-Betree-PivotBetreeRefinement.broken1.i.dfy-Impl__PivotBetreeRefinement.__default.InvNext,BoundedPivotsLibidfy,479,6
Splinter-Betree-PivotBetreeRefinement.broken1.i.dfy-Impl__PivotBetreeRefinement.__default.InvNext,Domainidfy,256,7
Splinter-Betree-PivotBetreeRefinement.broken1.i.dfy-Impl__PivotBetreeRefinement.__default.InvNext,Buffersidfy,187,8
Splinter-Betree-PivotBetreeRefinement.broken1.i.dfy-Impl__PivotBetreeRefinement.__default.InvNext,builtin,123,9
Splinter-Betree-PivotBetreeRefinement.broken1.i.dfy-Impl__PivotBetreeRefinement.__default.InvNext,Sequences,68,10
Splinter-Betree-PivotBetreeRefinement.broken1.i.dfy-Impl__PivotBetreeRefinement.__default.InvNext,Memtableidfy,39,11
Splinter-Betree-PivotBetreeRefinement.broken1.i.dfy-Impl__PivotBetreeRefinement.__default.InvNext,StampedMapidfy,31,12
Splinter-Betree-PivotBetreeRefinement.broken1.i.dfy-Impl__PivotBetreeRefinement.__default.InvNext,PagedBetreeidfy,29,13
Splinter-Betree-PivotBetreeRefinement.broken1.i.dfy-Impl__PivotBetreeRefinement.__default.InvNext,MessagesdfyValueMessage,19,14
Splinter-Betree-PivotBetreeRefinement.broken1.i.dfy-Impl__PivotBetreeRefinement.__default.InvNext,PivotBetreeRefinementidfy,18,15
Splinter-Betree-PivotBetreeRefinement.broken1.i.dfy-Impl__PivotBetreeRefinement.__default.InvNext,SplitRequestidfy,15,16
Splinter-Betree-PivotBetreeRefinement.broken1.i.dfy-Impl__PivotBetreeRefinement.__default.InvNext,TotalMapsdfyTotalKMMapMod,14,17
Splinter-Betree-PivotBetreeRefinement.broken1.i.dfy-Impl__PivotBetreeRefinement.__default.InvNext,MsgHistoryidfy,9,18
Splinter-Betree-PivotBetreeRefinement.broken1.i.dfy-Impl__PivotBetreeRefinement.__default.InvNext,SeqComparisonsdfy,6,19
Splinter-Betree-PivotBetreeRefinement.broken1.i.dfy-Impl__PivotBetreeRefinement.__default.InvNext,KeyTypesdfy,1,20
Splinter-CoordinationLayer-CoordinationSystemRefinement.broken.i.dfy-Impl__CoordinationSystemRefinement.__default.CrashNext,Prelude,2338,1
Splinter-CoordinationLayer-CoordinationSystemRefinement.broken.i.dfy-Impl__CoordinationSystemRefinement.__default.CrashNext,funType,1709,2
Splinter-CoordinationLayer-CoordinationSystemRefinement.broken.i.dfy-Impl__CoordinationSystemRefinement.__default.CrashNext,unknown,1330,3
Splinter-CoordinationLayer-CoordinationSystemRefinement.broken.i.dfy-Impl__CoordinationSystemRefinement.__default.CrashNext,MsgHistoryidfy,988,4
Splinter-CoordinationLayer-CoordinationSystemRefinement.broken.i.dfy-Impl__CoordinationSystemRefinement.__default.CrashNext,builtin,274,5
Splinter-CoordinationLayer-CoordinationSystemRefinement.broken.i.dfy-Impl__CoordinationSystemRefinement.__default.CrashNext,CoordinationSystemRefinementidfy,169,6
Splinter-CoordinationLayer-CoordinationSystemRefinement.broken.i.dfy-Impl__CoordinationSystemRefinement.__default.CrashNext,CrashTolerantsdfyCrashTolerantMapSpecMod,126,7
Splinter-CoordinationLayer-CoordinationSystemRefinement.broken.i.dfy-Impl__CoordinationSystemRefinement.__default.CrashNext,CoordinationSystemidfy,83,8
Splinter-CoordinationLayer-CoordinationSystemRefinement.broken.i.dfy-Impl__CoordinationSystemRefinement.__default.CrashNext,CrashTolerantMapidfy,83,9
Splinter-CoordinationLayer-CoordinationSystemRefinement.broken.i.dfy-Impl__CoordinationSystemRefinement.__default.CrashNext,FloatingSeqsdfy,75,10
Splinter-CoordinationLayer-CoordinationSystemRefinement.broken.i.dfy-Impl__CoordinationSystemRefinement.__default.CrashNext,StampedMapidfy,61,11
Splinter-CoordinationLayer-CoordinationSystemRefinement.broken.i.dfy-Impl__CoordinationSystemRefinement.__default.CrashNext,CrashTolerantJournalidfy,47,12
Splinter-CoordinationLayer-CoordinationSystemRefinement.broken.i.dfy-Impl__CoordinationSystemRefinement.__default.CrashNext,MapRemovesdfy,42,13
Splinter-CoordinationLayer-CoordinationSystemRefinement.broken.i.dfy-Impl__CoordinationSystemRefinement.__default.CrashNext,MessagesdfyValueMessage,35,14
Splinter-CoordinationLayer-CoordinationSystemRefinement.broken.i.dfy-Impl__CoordinationSystemRefinement.__default.CrashNext,Asyncsdfy,34,15
Splinter-CoordinationLayer-CoordinationSystemRefinement.broken.i.dfy-Impl__CoordinationSystemRefinement.__default.CrashNext,TotalMapsdfyTotalKMMapMod,29,16
Splinter-CoordinationLayer-CoordinationSystemRefinement.broken.i.dfy-Impl__CoordinationSystemRefinement.__default.CrashNext,AbstractMapidfy,21,17
Splinter-CoordinationLayer-CoordinationSystemRefinement.broken.i.dfy-Impl__CoordinationSystemRefinement.__default.CrashNext,AbstractJournalidfy,18,18
Splinter-CoordinationLayer-CoordinationSystemRefinement.broken.i.dfy-Impl__CoordinationSystemRefinement.__default.CrashNext,MapSpecsdfy,15,19
Splinter-CoordinationLayer-CoordinationSystemRefinement.broken.i.dfy-Impl__CoordinationSystemRefinement.__default.CrashNext,Optionsdfy,12,20
Splinter-CoordinationLayer-CoordinationSystemRefinement.broken.i.dfy-Impl__CoordinationSystemRefinement.__default.CrashNext,KeyTypesdfy,3,21
Splinter-CoordinationLayer-CoordinationSystemRefinement.broken.i.dfy-Impl__CoordinationSystemRefinement.__default.CrashNext,RefinementObligationsdfyCrashTolerantModCrashTolerantMapSpecMod,1,22
Splinter-Betree-LinkedBetreeRefinement.broken3.i.dfy-Impl__LinkedBetreeRefinement.__default.IReceiptValid,totalorder,8919,1
Splinter-Betree-LinkedBetreeRefinement.broken3.i.dfy-Impl__LinkedBetreeRefinement.__default.IReceiptValid,funType,1591,2
Splinter-Betree-LinkedBetreeRefinement.broken3.i.dfy-Impl__LinkedBetreeRefinement.__default.IReceiptValid,Prelude,1409,3
Splinter-Betree-LinkedBetreeRefinement.broken3.i.dfy-Impl__LinkedBetreeRefinement.__default.IReceiptValid,LinkedBetreeidfy,939,4
Splinter-Betree-LinkedBetreeRefinement.broken3.i.dfy-Impl__LinkedBetreeRefinement.__default.IReceiptValid,unknown,766,5
Splinter-Betree-LinkedBetreeRefinement.broken3.i.dfy-Impl__LinkedBetreeRefinement.__default.IReceiptValid,PivotBetreeidfy,360,6
Splinter-Betree-LinkedBetreeRefinement.broken3.i.dfy-Impl__LinkedBetreeRefinement.__default.IReceiptValid,builtin,183,7
Splinter-Betree-LinkedBetreeRefinement.broken3.i.dfy-Impl__LinkedBetreeRefinement.__default.IReceiptValid,BoundedPivotsLibidfy,165,8
Splinter-Betree-LinkedBetreeRefinement.broken3.i.dfy-Impl__LinkedBetreeRefinement.__default.IReceiptValid,LinkedBetreeRefinementidfy,119,9
Splinter-Betree-LinkedBetreeRefinement.broken3.i.dfy-Impl__LinkedBetreeRefinement.__default.IReceiptValid,MessagesdfyValueMessage,49,10
Splinter-Betree-LinkedBetreeRefinement.broken3.i.dfy-Impl__LinkedBetreeRefinement.__default.IReceiptValid,Buffersidfy,22,11
Splinter-Betree-LinkedBetreeRefinement.broken3.i.dfy-Impl__LinkedBetreeRefinement.__default.IReceiptValid,Domainidfy,21,12
Splinter-Betree-LinkedBetreeRefinement.broken3.i.dfy-Impl__LinkedBetreeRefinement.__default.IReceiptValid,Optionsdfy,15,13
Splinter-Betree-LinkedBetreeRefinement.broken3.i.dfy-Impl__LinkedBetreeRefinement.__default.IReceiptValid,StampedMapidfy,15,14
Splinter-Betree-LinkedBetreeRefinement.broken3.i.dfy-Impl__LinkedBetreeRefinement.__default.IReceiptValid,TotalMapsdfyTotalKMMapMod,14,15
Splinter-Betree-LinkedBetreeRefinement.broken3.i.dfy-Impl__LinkedBetreeRefinement.__default.IReceiptValid,SeqComparisonsdfy,12,16
Splinter-Betree-LinkedBetreeRefinement.broken3.i.dfy-Impl__LinkedBetreeRefinement.__default.IReceiptValid,KeyTypesdfy,1,17
